id,timestamp,acc_x,acc_y,acc_z,gyro_x,gyro_y,gyro_z
0,1715411324450,2.76,0.91,0.61,255.43000000000004,-282.1,-369.81
1,1715411324460,2.76,0.91,0.61,255.43,-282.1,-369.81
2,1715411324470,2.76,0.9100000000000001,0.61,255.42999999999998,-282.1,-369.81
3,1715411324480,2.977540106951871,0.6751336898395722,0.9045454545454545,247.98417112299467,-277.9602673796792,-362.7388770053476
4,1715411324490,5.02,-1.53,3.67,56.519999999999996,-171.51,-180.91
5,1715411324500,5.02,-1.53,3.67,56.52,-171.51,-180.91
6,1715411324510,5.02,-1.53,3.67,56.52,-171.51,-180.91
7,1715411324520,5.000208333333333,-1.7615625000000001,3.8441666666666663,55.80411458333334,-170.24223958333332,-179.57421875
8,1715411324530,4.92,-2.7,4.55,-80.92999999999999,71.9,75.56000000000002
9,1715411324540,4.92,-2.7000000000000006,4.55,-80.92999999999999,71.9,75.56
10,1715411324550,4.92,-2.7000000000000006,4.55,-80.93,71.9,75.56
11,1715411324560,4.753317073170732,-2.4287317073170733,4.082634146341463,-119.53878048780489,107.59707317073172,117.00941463414634
12,1715411324570,4.41,-1.87,3.1200000000000006,-249.33,227.6,256.35
13,1715411324580,4.41,-1.87,3.12,-249.33,227.6,256.35
14,1715411324590,4.41,-1.87,3.12,-249.33,227.6,256.35
15,1715411324600,4.120526315789474,-0.19684210526315793,1.788421052631579,-264.3928947368421,304.1169736842105,315.2140789473684
16,1715411324610,3.91,1.02,0.82,-280.27,384.77,377.26
17,1715411324620,3.91,1.02,0.82,-280.27,384.77,377.26
18,1715411324630,3.91,1.02,0.82,-280.27,384.77,377.26
19,1715411324640,3.247892561983471,2.8787603305785123,-0.5102892561983472,-256.6280165289256,438.5306611570248,386.95454545454544
20,1715411324650,2.82,4.08,-1.37,-234.13,489.68999999999994,396.18000000000006
21,1715411324660,2.82,4.08,-1.37,-234.13,489.69,396.18
22,1715411324670,2.747027027027027,4.104324324324325,-1.409527027027027,-234.13,489.68999999999994,396.18
23,1715411324680,1.62,4.48,-2.02,-302.8311029411765,393.4727205882353,352.68220588235295
24,1715411324690,1.6199999999999999,4.48,-2.02,-303.34,392.76,352.36
25,1715411324700,1.62,4.48,-2.02,-303.34,392.76,352.36
26,1715411324710,1.62,4.48,-2.02,-303.34,392.76,352.36
27,1715411324720,1.5029629629629628,3.494938271604939,-1.0446913580246915,-391.63086419753085,230.0720987654321,357.27950617283955
28,1715411324730,,,,,,
29,1715411324740,1.5,3.47,-1.02,-408.51,198.97,358.22
30,1715411324750,1.5,3.4699999999999998,-1.02,-408.51000000000005,198.96999999999997,358.22
31,1715411324760,1.5,3.47,-1.02,-408.51,198.97,358.22
32,1715411324770,1.5,3.47,-1.02,-408.51,198.97,358.22
33,1715411324780,1.5,3.47,-1.02,-408.51,198.97000000000003,358.22
34,1715411324790,1.5,3.47,-1.02,-408.51,198.97,358.22
35,1715411324800,1.5,3.47,-1.02,-408.50999999999993,198.97,358.22
36,1715411324810,1.5,3.47,-1.02,-408.51,198.97,358.22
37,1715411324820,1.5,3.47,-1.02,-408.51,198.97,358.22
38,1715411324830,1.5,3.47,-1.02,-408.51,198.97000000000003,358.22
39,1715411324840,1.4530434782608697,3.2704347826086955,-0.9065217391304349,-408.51,198.97000000000003,358.2200000000001
40,1715411324850,1.3800000000000001,2.96,-0.73,-408.51,198.97,358.21999999999997
41,1715411324860,1.38,2.96,-0.73,-408.51,198.97,358.22
42,1715411324870,1.38,2.96,-0.73,-408.51,198.96999999999997,358.22
43,1715411324880,1.38,2.96,-0.73,-408.51,198.97,358.22
44,1715411324890,1.375658914728682,2.956201550387597,-0.6594573643410853,-404.61031007751933,108.50046511627906,400.6593798449613
45,1715411324900,1.1265476190476191,2.6214285714285714,0.05249999999999999,-401.3117261904762,-252.05547619047618,550.1770238095238
46,1715411324910,1.08,2.5,0.18,-241.39000000000001,-227.23,476.26
47,1715411324920,1.08,2.5,0.18,-241.39,-227.23,476.26
48,1715411324930,1.08,2.5,0.18,-241.39,-227.23000000000002,476.26
49,1715411324940,0.04807511737089204,4.18056338028169,-0.048497652582159635,-31.399859154929572,-114.38605633802817,364.0217370892019
50,1715411324950,-0.31999999999999995,4.78,-0.13,94.91,-46.51,296.51
51,1715411324960,-0.32,4.78,-0.13,94.91,-46.51,296.51
52,1715411324970,-1.154814814814815,6.00928774928775,-0.863903133903134,1.2398005698005719,-85.65632478632479,288.027150997151
53,1715411324980,-2.14,7.46,-1.73,-150.45,-149.05,274.29
54,1715411324990,-2.14,7.46,-1.73,-150.45,-149.05,274.29
55,1715411325000,-2.14,7.459999999999999,-1.73,-150.45,-149.05,274.29
56,1715411325010,-2.11025,7.466374999999999,-1.6662500000000002,-150.45,-149.05,274.29
57,1715411325020,-1.86,7.52,-1.13,42.541008403361346,31.582268907563027,-201.22159663865546
58,1715411325030,-1.8600000000000003,7.5200000000000005,-1.13,45.839999999999996,34.67,-209.35
59,1715411325040,-1.86,7.52,-1.13,45.84,34.67,-209.35
60,1715411325050,-1.2967346938775512,7.18938775510204,-1.13,45.84,34.67,-209.35
61,1715411325060,0.44000000000000006,6.17,-1.13,48.14493506493506,-2.6858441558441557,-408.548051948052
62,1715411325070,0.44,6.17,-1.13,48.16,-2.93,-409.8500000000001
63,1715411325080,0.44,6.170000000000001,-1.13,48.16,-2.93,-409.85
64,1715411325090,0.9334545454545455,4.672909090909091,-0.9961818181818182,-46.877,-23.311999999999998,-459.6487272727273
65,1715411325100,1.03,4.38,-0.97,-84.17,-31.31,-479.19
66,1715411325110,1.03,4.38,-0.97,-84.17000000000002,-31.31,-479.18999999999994
67,1715411325120,1.03,4.38,-0.9700000000000001,-84.17,-31.31,-479.19
68,1715411325130,1.3621804511278195,3.6166917293233083,-0.7721052631578947,-17.844285714285714,9.952293233082706,-555.6594360902255
69,1715411325140,1.5,3.3,-0.69,26.79,37.72,-607.12
70,1715411325150,1.5,3.3,-0.69,26.790000000000003,37.72,-607.12
71,1715411325160,1.7690624999999998,2.9028125,-0.59390625,35.54,40.62390625,-614.69421875
72,1715411325170,1.92,2.68,-0.54,42.79,43.03,-620.9700000000001
73,1715411325180,1.92,2.68,-0.54,42.79,43.03,-620.97
74,1715411325190,1.92,2.68,-0.54,42.79,43.03,-620.97
75,1715411325200,1.96968,2.86216,-0.80496,127.47952000000001,44.62216,-607.8012
76,1715411325210,1.98,2.9,-0.8599999999999999,156.62,45.17,-603.27
77,1715411325220,1.98,2.9,-0.86,156.62,45.17,-603.27
78,1715411325230,1.98,2.9,-0.8599999999999999,156.62,45.17,-603.27
79,1715411325240,1.9963636363636361,2.924545454545455,-0.8109090909090909,257.16368686868685,-10.618939393939394,-583.5678282828283
80,1715411325250,2.0,2.93,-0.8,280.27,-23.44,-579.04
81,1715411325260,2.0,2.93,-0.8000000000000002,280.27,-23.44,-579.04
82,1715411325270,2.0,2.9300000000000006,-0.8,280.27,-23.440000000000005,-579.04
83,1715411325280,1.8657627118644067,3.4501694915254237,-1.018135593220339,334.08694915254233,-119.80101694915254,-557.6230508474576
84,1715411325290,1.84,3.5499999999999994,-1.06,350.83,-149.78,-550.96
85,1715411325300,1.84,3.55,-1.06,350.83,-149.78,-550.96
86,1715411325310,1.640377358490566,3.311320754716981,-0.8820754716981132,287.32987421383643,-181.94056603773583,-492.7795911949686
87,1715411325320,1.38,-0.65,162.11,-245.36,-378.05
88,1715411325330,1.38,-0.65,162.11,-245.36,-378.05
89,1715411325340,1.38,-0.65,162.11,-245.36,-378.05
90,1715411325350,1.5954166666666665,2.6975,-0.5720833333333334,161.92575,-244.3975,-384.4840833333334
91,1715411325360,2.32,1.68,-0.31,160.09999999999997,-234.86,-448.24
92,1715411325370,2.32,1.68,-0.31,160.1,-234.86,-448.24
93,1715411325380,2.3199999999999994,1.68,-0.31,160.1,-234.86,-448.24
94,1715411325390,2.3468032786885247,1.2511475409836064,0.12331967213114756,192.92049180327868,-200.28008196721314,-400.64696721311475
95,1715411325400,2.38,0.7200000000000001,0.6600000000000001,249.08000000000004,-141.11,-319.21
96,1715411325410,2.38,0.72,0.66,249.07999999999998,-141.11,-319.21
97,1715411325420,2.38,0.72,0.66,249.07999999999998,-141.11,-319.21
98,1715411325430,2.926875,-0.21624999999999997,1.469375,239.72670454545457,-120.35869318181818,-284.27215909090904
99,1715411325440,3.6299999999999994,-1.42,2.51,218.02,-72.2,-203.18999999999997
100,1715411325450,3.63,-1.42,2.51,218.02,-72.2,-203.19
101,1715411325460,3.63,-1.42,2.51,218.02,-72.2,-203.19
102,1715411325470,3.693127962085308,-1.9986729857819905,3.441137440758294,147.9411374407583,-36.36189573459716,-118.72668246445497
103,1715411325480,3.75,-2.52,4.28,49.99,13.73,-0.67
104,1715411325490,3.75,-2.52,4.28,49.99,13.73,-0.67
105,1715411325500,3.75,-2.52,4.28,49.99,13.73,-0.67
106,1715411325510,3.355204918032787,-1.8827868852459018,3.559672131147541,-42.257622950819666,60.132991803278685,72.33565573770493
107,1715411325520,3.18,-1.5999999999999999,3.24,-121.83,100.16000000000001,135.31
108,1715411325530,3.18,-1.6,3.24,-121.83,100.16,135.31
109,1715411325540,3.1512621359223303,-1.4485436893203885,3.125825242718447,-121.83,100.16,135.31
110,1715411325550,2.81,0.35,1.77,-265.61114285714285,254.6754285714286,248.55914285714286
111,1715411325560,2.8099999999999996,0.35,1.77,-269.84,259.22,251.89
112,1715411325570,2.81,0.35,1.77,-269.84,259.22,251.89
113,1715411325580,2.768135593220339,0.5835593220338983,1.4835593220338983,-269.84,259.22,251.89
114,1715411325590,2.43,2.47,-0.83,-454.0690425531915,258.85393617021276,346.2157446808511
115,1715411325600,2.43,2.47,-0.83,-456.05,258.85,347.23
116,1715411325610,2.43,2.47,-0.83,-456.05,258.85,347.23
117,1715411325620,2.423592233009709,2.4796116504854373,-0.8352427184466019,-456.05,258.85,347.23
118,1715411325630,1.7700000000000002,3.4599999999999995,-1.37,-269.66668621700876,303.8331964809384,344.22733137829914
119,1715411325640,1.77,3.46,-1.37,-259.28,306.34,344.06
120,1715411325650,1.77,3.46,-1.37,-259.28,306.34,344.06
121,1715411325660,1.645668449197861,3.6805882352941177,-1.422139037433155,-292.27486631016046,288.86556149732615,368.25251336898395
122,1715411325670,1.46,4.01,-1.5,-365.66,250.0,422.06
123,1715411325680,1.46,4.01,-1.5,-365.66,250.0,422.05999999999995
124,1715411325690,1.46,4.01,-1.5,-365.66,250.0,422.06
125,1715411325700,1.0569230769230769,3.6689349112426033,-1.1821893491124262,-491.254201183432,6.706390532544378,527.7333136094675
126,1715411325710,0.9400000000000001,3.57,-1.09,-556.88,-120.42,582.95
127,1715411325720,0.94,3.57,-1.09,-556.88,-120.42,582.95
128,1715411325730,0.94,3.57,-1.09,-556.88,-120.42,582.95
129,1715411325740,1.2112871287128713,2.837524752475248,-0.3371782178217822,-453.5295049504951,-150.4049504950495,577.9044554455446
130,1715411325750,1.34,2.49,0.020000000000000004,-370.4800000000001,-174.5,573.85
131,1715411325760,1.34,2.49,0.02,-370.48,-174.5,573.85
132,1715411325770,1.34,2.49,0.020000000000000004,-370.48,-174.5,573.85
133,1715411325780,1.5558793969849247,1.968291457286432,-0.16889447236180904,-115.0043216080402,-112.27658291457287,493.698743718593
134,1715411325790,1.58,1.9100000000000001,-0.19,-48.709999999999994,-96.13,472.9
135,1715411325800,1.58,1.91,-0.19,-48.71,-96.13,472.9
136,1715411325810,1.58,1.91,-0.19,-48.709999999999994,-96.13,472.9
137,1715411325820,1.7889552238805972,2.118955223880597,-0.20741293532338306,-62.231791044776124,-193.18910447761195,528.0605970149253
138,1715411325830,1.82,2.15,-0.21,-64.33,-208.25,536.62
139,1715411325840,1.82,2.15,-0.21,-64.33,-208.25,536.62
140,1715411325850,1.7988516746411485,2.3679904306220094,-0.10913875598086124,-64.33,-208.25,536.62
141,1715411325860,1.69,3.49,0.41,26.830816326530613,-242.78061224489795,538.2804081632653
142,1715411325870,1.6900000000000002,3.49,0.41,59.75,-255.25,538.88
143,1715411325880,1.69,3.4900000000000007,0.41,59.75,-255.25,538.88
144,1715411325890,1.0112121212121212,4.409272727272728,0.5496363636363636,47.914848484848484,-192.12757575757576,506.4751515151515
145,1715411325900,-0.06,5.86,0.77,10.93,5.13,405.21
146,1715411325910,-0.06,5.859999999999999,0.77,10.93,5.13,405.21000000000004
147,1715411325920,-0.06,5.86,0.77,10.93,5.13,405.21
148,1715411325930,-1.2077528089887641,6.9420224719101125,-0.023820224719101134,-5.508426966292135,9.817415730337078,329.0805617977528
149,1715411325940,-2.33,8.0,-0.8,-32.1,17.4,205.92999999999998
150,1715411325950,-2.33,8.0,-0.8,-32.1,17.4,205.93
151,1715411325960,-2.33,8.0,-0.8,-32.1,17.4,205.93
152,1715411325970,-1.68875,7.8059375,-0.63125,13.211250000000001,74.5228125,-90.88421875
153,1715411325980,-1.57,7.77,-0.6,35.34,102.41999999999999,-235.83999999999997
154,1715411325990,-1.5699999999999998,7.77,-0.6,35.34,102.42,-235.84
155,1715411326000,-1.57,7.77,-0.6,35.34,102.41999999999999,-235.83999999999997
156,1715411326010,-0.9803703703703704,7.201111111111111,-0.6266666666666666,25.04962962962963,75.97851851851853,-296.40592592592594
157,1715411326020,0.42,5.85,-0.69,0.61,13.18,-440.25
158,1715411326030,0.42000000000000004,5.85,-0.69,0.61,13.179999999999998,-440.25
159,1715411326040,0.42000000000000004,5.85,-0.69,0.61,13.179999999999998,-440.25
160,1715411326050,1.0529752066115703,4.336363636363637,-0.4331404958677686,9.326528925619835,47.35404958677686,-540.3367768595041
161,1715411326060,1.11,4.2,-0.41,10.559999999999999,52.19,-554.5
162,1715411326070,1.11,4.2,-0.41,10.56,52.19,-554.5
163,1715411326080,1.11,4.2,-0.4099999999999999,10.560000000000002,52.19,-554.5
164,1715411326090,1.2154,3.8872000000000004,-0.4576,20.85715,55.117399999999996,-574.3706500000001
165,1715411326100,1.42,3.2799999999999994,-0.55,60.790000000000006,66.47,-651.43
166,1715411326110,1.42,3.28,-0.55,60.79,66.47,-651.43
167,1715411326120,1.484278606965174,3.2166666666666663,-0.5698507462686567,60.78999999999999,66.47,-651.43
168,1715411326130,2.1,2.61,-0.7599999999999999,70.74,34.97,-658.81
169,1715411326140,2.1,2.61,-0.76,70.74,34.97,-658.81
170,1715411326150,2.1,2.61,-0.76,70.74,34.97,-658.81
171,1715411326160,2.0610843373493974,2.61,-0.7874698795180722,70.74,34.97,-658.81
172,1715411326170,1.76,2.61,-1.0,181.9129166666667,-54.33462962962963,-584.0875462962963
173,1715411326180,1.7600000000000002,2.61,-1.0,182.43,-54.75,-583.74
174,1715411326190,1.76,2.61,-1.0,182.42999999999998,-54.75,-583.74
175,1715411326200,1.6660396039603962,2.6678217821782177,-0.8662871287128713,221.465198019802,-47.014158415841585,-576.8221782178218
176,1715411326210,1.5,2.77,-0.63,337.04,-24.110000000000003,-556.34
177,1715411326220,1.5,2.77,-0.63,337.04,-24.11,-556.34
178,1715411326230,1.5,2.7699999999999996,-0.63,337.04,-24.11,-556.34
179,1715411326240,1.5,2.77,-0.63,337.03999999999996,-24.11,-556.34
180,1715411326250,1.5,2.77,-0.63,337.04,-24.11,-556.34
181,1715411326260,1.5,2.77,-0.63,337.04,-24.11,-556.34
182,1715411326270,1.1571241830065362,2.4829411764705887,-1.0605882352941176,379.51130718954244,-15.144379084967317,-485.56614379084965
183,1715411326280,1.0889516129032257,2.2489112903225807,-0.8004435483870969,293.49883064516126,-145.40995967741935,-340.3446370967742
184,1715411326290,1.09,2.24,-0.78,282.84,-159.12,-328.61
185,1715411326300,1.09,2.24,-0.78,282.84,-159.12,-328.61
186,1715411326310,1.1497129186602872,1.950622009569378,-0.7294736842105264,282.0806698564593,-156.9822009569378,-326.9571291866029
187,1715411326320,1.35,0.9800000000000001,-0.56,251.1,-69.76,-259.52
188,1715411326330,1.35,0.9800000000000001,-0.56,251.1,-69.76,-259.52
189,1715411326340,1.35,0.98,-0.56,251.1,-69.76,-259.52
190,1715411326350,1.280301204819277,1.0872289156626505,-0.2543975903614458,269.1144578313253,-92.72084337349398,-243.0742168674699
191,1715411326360,1.22,1.18,0.01,293.82,-124.21,-220.52
192,1715411326370,1.22,1.18,0.01,293.82,-124.21000000000001,-220.52000000000004
193,1715411326380,1.22,1.18,0.01,293.82,-124.21,-220.52
194,1715411326390,2.600841121495327,-0.6494392523364485,2.168878504672897,204.53915887850465,-182.64317757009346,-210.0288785046729
195,1715411326400,3.19,-1.43,3.09,146.85,-220.4,-203.25
196,1715411326410,3.19,-1.43,3.09,146.85,-220.4,-203.25
197,1715411326420,3.19,-1.43,3.09,146.85,-220.4,-203.25
198,1715411326430,3.240769230769231,-1.43,3.9869230769230772,29.02846153846154,-80.18092307692308,-10.792153846153848
199,1715411326440,3.25,-1.43,4.15,-12.7,-30.52,57.37
200,1715411326450,3.25,-1.43,4.15,-12.7,-30.520000000000003,57.37
201,1715411326460,3.25,-1.43,4.15,-12.699999999999998,-30.520000000000003,57.37
202,1715411326470,2.8950704225352113,-1.173661971830986,3.795070422535211,-142.99859154929578,-1.5367136150234733,99.93
203,1715411326480,2.71,-1.04,3.61,-260.5,24.600000000000005,138.31
204,1715411326490,2.71,-1.04,3.61,-260.5,24.6,138.31
205,1715411326500,2.71,-1.04,3.61,-260.5,24.6,138.31
206,1715411326510,2.5137914691943126,-0.3831279620853081,1.8355924170616114,-246.96398104265404,130.4914691943128,133.30715639810427
207,1715411326520,2.48,-0.27,1.53,-238.53,196.47,130.19
208,1715411326530,2.48,-0.27,1.53,-238.53000000000003,196.47,130.19
209,1715411326540,2.4788079470198676,-0.09476821192052981,1.3571523178807947,-238.53,196.47,130.19
210,1715411326550,2.47,1.2,0.08,-273.71520491803284,301.13926229508195,254.01045081967214
211,1715411326560,2.47,1.2,0.08,-273.86,301.57,254.52
212,1715411326570,2.47,1.2,0.08,-273.86,301.57,254.52
213,1715411326580,2.364071146245059,1.6687351778656125,-0.3198814229249012,-260.2025296442688,311.50059288537545,264.4190513833992
214,1715411326590,2.07,2.97,-1.43,-191.59,361.39,314.15
215,1715411326600,2.07,2.97,-1.4300000000000002,-191.59,361.39,314.15
216,1715411326610,2.07,2.97,-1.43,-191.59,361.39,314.15
217,1715411326620,1.8381818181818181,3.1142424242424243,-1.5974242424242426,-191.59,361.39,314.15
218,1715411326630,1.17,3.53,-2.08,-141.21608163265307,431.6931428571429,201.75546938775508
219,1715411326640,1.17,3.53,-2.08,-140.38,432.86,199.89
220,1715411326650,1.17,3.5300000000000002,-2.08,-140.38,432.86000000000007,199.89
221,1715411326660,1.0469953051643193,3.2839906103286385,-1.8770422535211269,-239.80924882629108,329.0260093896714,252.67
222,1715411326670,0.97,3.13,-1.75,-373.11,189.82,323.43
223,1715411326680,0.9700000000000001,3.1300000000000003,-1.75,-373.10999999999996,189.82000000000002,323.43
224,1715411326690,0.97,3.13,-1.75,-373.11,189.82,323.43000000000006
225,1715411326700,0.9632735426008969,2.8273094170403588,-1.1782511210762332,-399.96538116591927,100.4590134529148,369.78650224215244
226,1715411326710,0.96,2.68,-0.9,-421.02,30.4,406.13
227,1715411326720,0.96,2.68,-0.9000000000000001,-421.02,30.4,406.13
228,1715411326730,1.0135057471264368,2.702931034482759,-0.6477586206896552,-389.6056609195402,16.625287356321838,431.2012068965517
229,1715411326740,1.1,2.74,-0.24,-318.85,-14.400000000000002,487.67
230,1715411326750,1.1,2.74,-0.24,-318.85,-14.4,487.67
231,1715411326760,1.1,2.74,-0.24,-318.85,-14.4,487.67
232,1715411326770,1.1,2.74,-0.24,-318.85,-14.4,487.67
233,1715411326780,1.0290614886731393,2.8375404530744337,-0.044919093851132685,-353.2533009708738,-53.22961165048544,528.7613592233009
234,1715411326790,1.02,2.85,-0.02,-357.79,-58.35,534.18
235,1715411326800,1.02,2.85,-0.02,-357.79,-58.35,534.18
236,1715411326810,0.6709090909090909,3.144545454545455,-0.030909090909090907,-326.6727727272728,-41.26172727272727,516.8998636363635
237,1715411326820,-0.26,3.93,-0.06,-31.8,120.67,353.15
238,1715411326830,-0.26,3.9299999999999997,-0.05999999999999999,-31.8,120.66999999999999,353.15
239,1715411326840,-0.26,3.93,-0.060000000000000005,-31.799999999999997,120.67,353.15
240,1715411326850,-0.8440322580645161,4.472903225806451,-1.3720161290322581,-122.71370967741936,96.59729838709679,374.3621370967742
241,1715411326860,-1.68,5.25,-3.25,-317.2,45.1,419.74
242,1715411326870,-1.6800000000000002,5.25,-3.25,-317.2,45.1,419.74
243,1715411326880,-1.6848263888888888,5.2567361111111115,-3.246354166666667,-317.2,45.1,419.74
244,1715411326890,-3.07,7.19,-2.2,-15.673333333333332,59.378787878787875,133.68515151515152
245,1715411326900,-3.07,7.19,-2.2,3.78,60.29999999999999,115.23
246,1715411326910,-3.07,7.19,-2.2,3.78,60.3,115.23
247,1715411326920,-3.0076,6.92149090909091,-2.381527272727273,-0.2214545454545455,67.96363636363637,80.46054545454545
248,1715411326930,-2.74,5.77,-3.16,-32.9,130.55,-203.49
249,1715411326940,-2.74,5.77,-3.1599999999999997,-32.9,130.55,-203.48999999999998
250,1715411326950,-2.74,5.77,-3.16,-32.9,130.55,-203.49
251,1715411326960,-2.74,5.77,-3.1600000000000006,-32.9,130.55,-203.49000000000004
252,1715411326970,-1.5931208053691275,4.695302013422818,-2.3419463087248324,136.42107382550336,-1.0764429530201323,-324.6902684563758
253,1715411326980,-1.31,4.43,-2.14,178.22,-33.57,-354.61
254,1715411326990,-1.31,4.43,-2.14,178.22,-33.57,-354.61
255,1715411327000,-1.31,4.43,-2.14,178.22,-33.57,-354.60999999999996
256,1715411327010,0.08,3.46,-0.82,129.11060773480662,-122.99077348066297,-419.92911602209944
257,1715411327020,0.08,3.46,-0.82,124.02,-132.26,-426.7
258,1715411327030,0.08,3.46,-0.82,124.02,-132.26,-426.7
259,1715411327040,0.1782758620689655,3.3048275862068963,-0.7562068965517241,125.61408866995073,-127.95458128078818,-434.2940886699507
260,1715411327050,0.65,2.56,-0.44999999999999996,140.2,-88.56,-503.78
261,1715411327060,0.65,2.56,-0.45000000000000007,140.2,-88.55999999999999,-503.78
262,1715411327070,0.65,2.5599999999999996,-0.45,140.2,-88.56,-503.78
263,1715411327080,0.6948,2.5216,-0.45400000000000007,148.04593333333332,-81.6586,-505.83480000000003
264,1715411327090,1.21,2.08,-0.5,247.19,5.55,-531.8
265,1715411327100,1.21,2.08,-0.5,247.19,5.55,-531.8
266,1715411327110,1.21,2.08,-0.5,247.19,5.55,-531.8
267,1715411327120,1.1058666666666668,2.3450666666666664,-0.8692,282.9986666666666,-77.786,-510.00533333333334
268,1715411327130,1.1,2.36,-0.89,296.02,-108.09,-502.08
269,1715411327140,1.1,2.36,-0.89,296.02,-108.08999999999999,-502.08000000000004
270,1715411327150,1.1,2.36,-0.89,296.02,-108.08999999999999,-502.08
271,1715411327160,0.9586666666666668,2.3882666666666665,-0.8334666666666667,356.731,-106.424,-453.45799999999997
272,1715411327170,0.9,2.4,-0.81,382.75,-105.71,-432.62
273,1715411327180,0.8999999999999999,2.4,-0.81,382.75,-105.71,-432.62000000000006
274,1715411327190,0.8999999999999999,2.4,-0.8100000000000002,382.75,-105.71,-432.62
275,1715411327200,0.9044285714285715,2.3025714285714285,-0.8631428571428572,359.61357142857145,-111.08235714285715,-384.66964285714283
276,1715411327210,0.91,2.18,-0.93,329.65,-118.04,-322.57
277,1715411327220,0.91,2.18,-0.93,329.65,-118.04,-322.57
278,1715411327230,0.9099999999999999,2.18,-0.93,329.65,-118.04,-322.57
279,1715411327240,0.6589843750000001,2.16140625,-1.450625,315.0915625,-140.4325,-274.34828124999996
280,1715411327250,0.64,2.16,-1.49,312.07,-145.08,-264.34
281,1715411327260,0.64,2.16,-1.49,312.07,-145.08,-264.34
282,1715411327270,0.64,2.16,-1.49,312.07,-145.08,-264.34
283,1715411327280,1.03,1.76,-0.9299999999999999,223.98617021276596,-247.34553191489363,-198.62340425531917
284,1715411327290,1.03,1.7599999999999998,-0.93,213.5,-259.52,-190.8
285,1715411327300,1.03,1.7600000000000002,-0.9299999999999999,213.5,-259.52,-190.8
286,1715411327310,1.182513966480447,1.3765363128491621,-0.6859776536312849,204.3140782122905,-277.23452513966475,-187.64569832402236
287,1715411327320,1.38,0.88,-0.37,191.28,-302.37,-183.17
288,1715411327330,1.38,0.88,-0.37,191.28,-302.37,-183.17
289,1715411327340,1.38,0.88,-0.37,191.28,-302.37,-183.17
290,1715411327350,3.3013899613899618,-0.1635135135135135,2.3409266409266407,213.07922779922782,-300.10745173745175,-211.00011583011582
291,1715411327360,4.86,-1.01,4.54,247.74,-296.51,-255.25
292,1715411327370,4.86,-1.01,4.54,247.73999999999998,-296.51,-255.25
293,1715411327380,4.86,-1.01,4.54,247.74,-296.51,-255.25
294,1715411327390,4.393913043478261,-1.6082608695652174,5.054782608695652,42.54347826086957,-123.15782608695652,-82.72304347826088
295,1715411327400,4.19,-1.8700000000000003,5.28,-115.3,10.19,49.99
296,1715411327410,4.19,-1.87,5.28,-115.3,10.19,49.99
297,1715411327420,4.19,-1.87,5.28,-115.3,10.19,49.99
298,1715411327430,4.026065573770492,-1.2863934426229509,3.739016393442623,-141.5472131147541,68.68573770491803,72.4672131147541
299,1715411327440,3.94,-0.98,2.93,-238.46,284.67,155.46
300,1715411327450,3.94,-0.9799999999999999,2.93,-238.46,284.67,155.46
301,1715411327460,3.94,-0.98,2.93,-238.46,284.67,155.46
302,1715411327470,3.2020087336244543,0.6804803493449783,0.5905676855895197,-353.88139737991264,358.3927074235808,246.08882096069868
303,1715411327480,2.9400000000000004,1.27,-0.24,-414.67,397.22,293.82000000000005
304,1715411327490,2.94,1.27,-0.24,-414.67,397.22,293.82
305,1715411327500,2.94,1.27,-0.24,-414.67,397.22,293.82
306,1715411327510,2.284109589041096,2.5731506849315067,-1.7243835616438357,-355.6197260273973,373.1842465753425,331.90643835616436
307,1715411327520,2.18,2.7799999999999994,-1.96,-304.13999999999993,352.23,365.11000000000007
308,1715411327530,2.18,2.78,-1.96,-304.14,352.23,365.11
309,1715411327540,2.18,2.78,-1.96,-304.14,352.23,365.11
310,1715411327550,1.7395774647887325,3.3398591549295773,-1.5792957746478873,-235.35971830985918,315.59619718309864,335.9804225352113
311,1715411327560,1.5900000000000003,3.53,-1.45,-195.62,294.43,319.15
312,1715411327570,1.59,3.5299999999999994,-1.45,-195.62,294.43,319.15
313,1715411327580,1.5952340425531915,3.4811489361702126,-1.3610212765957446,-204.6823829787234,286.16476595744683,325.29540425531917
314,1715411327590,1.62,3.25,-0.94,-359.44,145.02,430.24
315,1715411327600,1.62,3.25,-0.94,-359.44,145.02,430.24
316,1715411327610,1.62,3.25,-0.94,-359.44,145.02,430.24
317,1715411327620,1.62,3.1227184466019415,-0.8293203883495146,-360.5248058252427,123.44694174757284,447.977427184466
318,1715411327630,1.62,2.79,-0.54,-365.17,31.07,523.93
319,1715411327640,1.62,2.79,-0.54,-365.17,31.07,523.93
320,1715411327650,1.62,2.79,-0.54,-365.17,31.07,523.93
321,1715411327660,1.6760000000000002,2.732,-0.48800000000000004,-354.0616363636364,26.714727272727274,523.8264848484848
322,1715411327670,1.9,2.5,-0.28,-234.25,-20.26,522.71
323,1715411327680,1.9,2.5,-0.28,-234.25,-20.26,522.71
324,1715411327690,1.9,2.5,-0.28,-234.25,-20.26,522.71
325,1715411327700,2.0060606060606063,2.5954545454545457,-0.2746969696969697,-144.78045454545455,28.520984848484847,502.02234848484846
326,1715411327710,2.1,2.68,-0.27,6.77,111.15,466.9800000000001
327,1715411327720,2.1,2.68,-0.27,6.7700000000000005,111.15,466.98
328,1715411327730,2.1072727272727274,2.7006060606060607,-0.279939393939394,6.77,111.15,466.97999999999996
329,1715411327740,2.4,3.53,-0.68,-144.16493902439024,-50.6844512195122,587.2869512195123
330,1715411327750,2.4,3.53,-0.68,-161.62,-69.4,601.2
331,1715411327760,2.4,3.53,-0.68,-161.62,-69.4,601.2
332,1715411327770,1.816705882352941,4.492,-0.479764705882353,-156.70852941176472,-58.30235294117648,595.1629411764707
333,1715411327780,1.06,5.74,-0.22,5.37,307.92,395.94
334,1715411327790,1.06,5.74,-0.22000000000000003,5.37,307.92,395.93999999999994
335,1715411327800,1.06,5.74,-0.22,5.37,307.92,395.94
336,1715411327810,1.06,5.74,-0.22,5.37,307.92,395.94
337,1715411327820,-1.8102834008097166,7.602267206477733,-2.9023481781376517,-105.57291497975709,62.26251012145749,391.3148987854251
338,1715411327830,-2.3,7.92,-3.36,-125.12,18.98,390.5
339,1715411327840,-2.3,7.920000000000001,-3.3599999999999994,-125.12,18.98,390.5
340,1715411327850,-2.6100671140939595,7.674765100671141,-3.5178523489932885,-108.10060402684563,39.15409395973155,335.57744966442954
341,1715411327860,-3.4,7.05,-3.9199999999999995,24.05,195.8,-90.88
342,1715411327870,-3.4,7.05,-3.92,24.05,195.8,-90.88
343,1715411327880,-3.4,7.05,-3.92,24.05,195.80000000000004,-90.88000000000001
344,1715411327890,-2.502702702702703,6.731081081081081,-3.3308108108108105,22.704054054054055,161.85081081081083,-109.11783783783784
345,1715411327900,-0.07999999999999999,5.869999999999999,-1.7400000000000002,11.6,-118.23,-259.58
346,1715411327910,-0.08,5.87,-1.74,11.6,-118.23,-259.58
347,1715411327920,-0.08,5.87,-1.74,11.599999999999998,-118.23,-259.58
348,1715411327930,0.23360000000000003,5.264181818181818,-1.3515636363636363,11.6,-118.23,-259.58
349,1715411327940,0.7999999999999999,4.17,-0.65,32.98884615384615,22.79324175824176,-426.02945054945053
350,1715411327950,0.8,4.17,-0.65,34.91,35.46,-440.97999999999996
351,1715411327960,0.8,4.17,-0.6500000000000001,34.91,35.46,-440.98
352,1715411327970,0.8855172413793103,3.685402298850575,-0.8542911877394636,42.475172413793096,9.086475095785442,-452.2508045977012
353,1715411327980,0.98,3.15,-1.08,54.08,-31.37,-469.54
354,1715411327990,0.9799999999999999,3.15,-1.08,54.08,-31.37,-469.54
355,1715411328000,1.0250000000000001,3.160384615384615,-1.051153846153846,64.38076923076923,-32.45,-477.70923076923077
356,1715411328010,1.37,3.24,-0.83,187.98999999999998,-45.41,-575.74
357,1715411328020,1.37,3.24,-0.83,187.99,-45.41,-575.74
358,1715411328030,1.37,3.24,-0.83,187.98999999999998,-45.41,-575.74
359,1715411328040,1.4940694006309148,3.189652996845426,-0.8569716088328074,206.66763406940063,-44.79435331230284,-581.2898738170347
360,1715411328050,2.06,2.96,-0.9799999999999999,332.4,-40.65,-618.65
361,1715411328060,2.06,2.96,-0.98,332.4,-40.65,-618.65
362,1715411328070,2.06,2.9599999999999995,-0.98,332.4,-40.65,-618.65
363,1715411328080,2.0603973509933775,2.96,-0.9664900662251655,332.4,-40.65,-618.65
364,1715411328090,2.07,2.9599999999999995,-0.64,385.9279620853081,-67.44170616113745,-535.1142180094786
365,1715411328100,2.07,2.96,-0.64,390.32,-69.64,-528.26
366,1715411328110,2.07,2.96,-0.64,390.32,-69.64,-528.26
367,1715411328120,2.0575471698113206,2.9483018867924526,-0.6516981132075472,390.32,-69.64,-528.26
368,1715411328130,1.74,2.65,-0.9499999999999998,349.6739622641509,-101.41396226415094,-424.0660377358491
369,1715411328140,1.7400000000000002,2.65,-0.95,348.08,-102.65999999999998,-419.97999999999996
370,1715411328150,1.74,2.65,-0.95,348.08,-102.66,-419.98
371,1715411328160,1.6468421052631579,2.6361988304093567,-1.0569590643274855,352.8229239766082,-110.37374269005848,-403.6047953216374
372,1715411328170,1.47,2.61,-1.26,370.0,-138.31,-344.3
373,1715411328180,1.47,2.61,-1.26,370.0,-138.31,-344.3
374,1715411328190,1.4700000000000002,2.61,-1.26,370.0,-138.31,-344.3
375,1715411328200,1.5714444444444444,2.2595555555555555,-1.6381111111111113,373.505,-147.555,-315.76500000000004
376,1715411328210,1.58,2.23,-1.67,377.01,-156.8,-287.23
377,1715411328220,1.58,2.23,-1.67,377.01,-156.8,-287.23
378,1715411328230,1.5069565217391305,2.2482608695652173,-1.4934782608695651,366.062049689441,-206.96279503105592,-254.74279503105592
379,1715411328240,1.46,2.26,-1.38,356.75,-249.63,-227.11
380,1715411328250,1.4599999999999997,2.26,-1.38,356.75,-249.62999999999997,-227.11
381,1715411328260,1.46,2.26,-1.38,356.75,-249.63,-227.11000000000004
382,1715411328270,2.3495211267605636,1.393887323943662,0.44585915492957745,289.54763380281685,-343.6508450704225,-225.64059154929578
383,1715411328280,2.6,1.15,0.96,262.08,-382.08,-225.04
384,1715411328290,2.6,1.15,0.96,262.08,-382.08,-225.04
385,1715411328300,2.6,1.15,0.96,262.08,-382.08,-225.04
386,1715411328310,4.105915492957747,-1.0066197183098593,3.909859154929577,203.56225352112673,-368.73971830985914,-125.48225352112675
387,1715411328320,5.03,-2.33,5.72,146.67,-355.77,-28.69
388,1715411328330,5.03,-2.33,5.72,146.67,-355.77,-28.689999999999998
389,1715411328340,5.03,-2.33,5.719999999999999,146.67,-355.77,-28.69
390,1715411328350,4.612,-1.7433333333333334,5.771333333333333,-56.31816666666667,-156.36466666666666,96.6105
391,1715411328360,4.46,-1.53,5.79,-182.5,-32.41,174.5
392,1715411328370,4.46,-1.53,5.79,-182.5,-32.41,174.5
393,1715411328380,4.46,-1.5299999999999998,5.79,-182.5,-32.41,174.5
394,1715411328390,3.8613235294117647,-0.06367647058823529,3.039558823529412,-289.11480392156864,192.1129411764706,266.41686274509806
395,1715411328400,3.77,0.16,2.6200000000000006,-323.73,265.01,296.26
396,1715411328410,3.77,0.16,2.62,-323.73,265.01,296.26
397,1715411328420,3.7700000000000005,0.16,2.62,-323.73,265.01,296.26
398,1715411328430,3.5013300492610835,2.8168472906403945,-0.33536945812807883,-351.37827586206896,401.6602463054187,363.1624630541872
399,1715411328440,3.5,2.83,-0.35,-353.27,411.01,367.74
400,1715411328450,3.5,2.83,-0.35,-353.27,411.01,367.74
401,1715411328460,3.3764999999999996,3.0367,-0.5073,-347.95279999999997,414.097,364.34745000000004
402,1715411328470,2.55,4.42,-1.56,-201.35,499.21,270.81
403,1715411328480,2.55,4.42,-1.56,-201.35,499.21,270.81
404,1715411328490,2.55,4.42,-1.5600000000000003,-201.35,499.21,270.81
405,1715411328500,2.488202247191011,4.497247191011236,-1.4580337078651686,-243.11078651685395,480.21775280898873,276.8612359550562
406,1715411328510,2.35,4.67,-1.23,-419.98,399.78,302.49
407,1715411328520,2.35,4.67,-1.23,-419.98,399.78,302.49
408,1715411328530,2.35,4.67,-1.23,-419.98,399.78,302.49
409,1715411328540,2.1151101321585903,4.347709251101321,-1.0988986784140968,-468.24220264317177,336.88308370044047,346.53370044052866
410,1715411328550,1.92,4.08,-0.99,-572.14,201.48,441.35
411,1715411328560,1.92,4.08,-0.9899999999999999,-572.14,201.48000000000002,441.35
412,1715411328570,1.9199999999999997,4.08,-0.99,-572.14,201.48,441.35
413,1715411328580,1.814304347826087,3.7504782608695653,-0.48017391304347823,-447.14330434782613,262.5794347826087,407.99991304347833
414,1715411328590,1.75,3.55,-0.17,-326.42,321.59,375.79
415,1715411328600,1.75,3.5500000000000003,-0.17,-326.42,321.59,375.79
416,1715411328610,1.7437788018433178,3.5549769585253452,-0.2135483870967742,-338.0984331797235,308.7781105990783,380.902534562212
417,1715411328620,1.7,3.59,-0.52,-423.88999999999993,214.66,418.46
418,1715411328630,1.7,3.5899999999999994,-0.52,-423.89000000000004,214.66,418.46
419,1715411328640,1.7,3.59,-0.52,-423.89,214.66,418.46
420,1715411328650,1.7,3.59,-0.52,-423.89,214.66,418.46
421,1715411328660,1.213859649122807,3.4184210526315795,-0.7392397660818714,-364.1484210526316,115.10263157894737,399.6168421052631
422,1715411328670,1.19,3.41,-0.75,-357.12,103.39,397.4
423,1715411328680,1.19,3.4099999999999997,-0.75,-357.12,103.39,397.4
424,1715411328690,1.1709230769230767,3.4758461538461543,-0.7130769230769232,-357.11999999999995,103.39,397.4
425,1715411328700,0.8799999999999999,4.48,-0.15,-441.1020175438597,-87.22608187134503,425.759649122807
426,1715411328710,0.88,4.48,-0.15,-451.29,-110.35,429.2
427,1715411328720,0.88,4.48,-0.15,-451.29,-110.35,429.19999999999993
428,1715411328730,0.7904712041884816,4.654083769633508,-0.41361256544502617,-451.29,-110.35,429.2
429,1715411328740,-0.02,6.23,-2.8,-250.6212393162393,231.07465811965812,260.4940598290598
430,1715411328750,-0.02,6.23,-2.8,-249.76000000000002,232.54,259.77
431,1715411328760,-0.02,6.23,-2.8,-249.76,232.53999999999996,259.77
432,1715411328770,-0.2011764705882353,6.284352941176471,-2.849176470588235,-251.8435294117647,154.81788235294115,213.53117647058824
433,1715411328780,-0.72,6.44,-2.9900000000000007,-257.81,-67.75,81.12
434,1715411328790,-0.72,6.44,-2.99,-257.81,-67.75,81.12
435,1715411328800,-0.72,6.44,-2.99,-257.81,-67.75,81.12
436,1715411328810,0.2891034482758621,5.528551724137932,-2.086689655172414,29.470551724137927,-93.18406896551724,-99.51406896551725
437,1715411328820,0.52,5.319999999999999,-1.8799999999999997,171.63,-105.77,-188.9
438,1715411328830,0.52,5.320000000000001,-1.88,171.63,-105.77000000000001,-188.9
439,1715411328840,0.52,5.32,-1.88,171.63,-105.76999999999998,-188.9
440,1715411328850,0.999718309859155,4.950985915492957,-0.7452816901408451,132.12647887323942,-182.37845070422534,-260.76619718309854
441,1715411328860,1.04,4.919999999999999,-0.65,128.48,-189.45,-267.4
442,1715411328870,1.04,4.92,-0.65,128.48,-189.45,-267.4
443,1715411328880,1.0430769230769232,4.888717948717949,-0.6302564102564103,128.48,-189.45,-267.4
444,1715411328890,1.16,3.7,0.12,80.4554,-128.4628,-376.064
445,1715411328900,1.16,3.7,0.11999999999999998,77.39,-124.57,-383.0
446,1715411328910,1.16,3.7,0.12,77.39,-124.57,-383.0
447,1715411328920,1.16,3.7,0.12,77.39,-124.57000000000001,-383.0
448,1715411328930,1.510374331550802,3.089090909090909,0.012192513368983957,129.2851871657754,-29.083368983957214,-485.26310160427806
449,1715411328940,1.55,3.02,0.0,158.25999999999996,24.23,-542.36
450,1715411328950,1.5500000000000003,3.02,0.0,158.26,24.23,-542.36
451,1715411328960,1.5592727272727274,3.0130909090909093,-0.006727272727272728,158.26,24.23,-542.36
452,1715411328970,2.06,2.64,-0.37,334.5917766497462,12.601573604060912,-601.4735025380711
453,1715411328980,2.06,2.64,-0.37,347.05,11.78,-605.65
454,1715411328990,2.06,2.64,-0.37,347.05,11.78,-605.65
455,1715411329000,2.0549433962264154,2.6526415094339626,-0.34977358490566035,376.45283018867923,9.438301886792454,-602.447358490566
456,1715411329010,2.04,2.69,-0.29,520.2,-2.01,-586.79
457,1715411329020,2.04,2.69,-0.29,520.2,-2.01,-586.7899999999998
458,1715411329030,2.04,2.6899999999999995,-0.29,520.2,-2.01,-586.79
459,1715411329040,1.9808016877637131,2.697721518987342,-0.39295358649789025,520.2,-2.01,-586.79
460,1715411329050,1.81,2.72,-0.69,565.6901685393259,-59.74033707865168,-464.55544943820223
461,1715411329060,1.8100000000000003,2.72,-0.69,566.47,-60.73,-462.46
462,1715411329070,1.81,2.72,-0.69,566.47,-60.73,-462.4599999999999
463,1715411329080,1.6135087719298247,2.8489473684210527,-0.9110526315789473,485.5077485380117,-135.2511403508772,-391.34532163742693
464,1715411329090,1.49,2.93,-1.05,418.4,-197.02,-332.4
465,1715411329100,1.49,2.93,-1.05,418.4,-197.02,-332.4
466,1715411329110,1.49,2.93,-1.05,418.40000000000003,-197.02,-332.4
467,1715411329120,1.503787234042553,2.62668085106383,-1.174085106382979,413.32221276595743,-221.0552340425532,-309.8757446808511
468,1715411329130,1.51,2.49,-1.23,409.36,-239.81,-292.3
469,1715411329140,1.51,2.49,-1.23,409.36,-239.80999999999997,-292.3
470,1715411329150,1.51,2.49,-1.2299999999999998,409.36000000000007,-239.81000000000003,-292.3
471,1715411329160,1.4057777777777778,2.4676666666666667,-1.096,337.7364444444445,-274.0686666666667,-251.352
472,1715411329170,1.37,2.46,-1.05,298.22,-292.97,-228.76
473,1715411329180,1.37,2.46,-1.05,298.22,-292.97,-228.76000000000002
474,1715411329190,1.3852941176470588,2.435882352941176,-1.0314705882352941,298.22,-292.97,-228.76
475,1715411329200,1.89,1.64,-0.42,287.4083495145631,-308.33,-261.073786407767
476,1715411329210,1.8899999999999997,1.6399999999999997,-0.41999999999999993,286.62,-309.45,-263.43
477,1715411329220,1.89,1.64,-0.42,286.62,-309.45,-263.43
478,1715411329230,2.1569902912621357,1.364271844660194,0.020776699029126235,286.62,-309.45,-263.43
479,1715411329240,4.64,-1.2,4.12,211.13585062240662,-267.4616182572614,-238.98784232365145
480,1715411329250,4.64,-1.2,4.12,199.15999999999997,-260.8,-235.11000000000004
481,1715411329260,4.64,-1.2,4.12,199.16,-260.8,-235.11
482,1715411329270,,,,,,
483,1715411329280,4.7435294117647056,-2.9976470588235293,5.0329411764705885,-165.8470588235294,-211.17176470588237,109.1064705882353
484,1715411329290,4.75,-3.11,5.09,-188.66,-208.07,130.62
485,1715411329300,4.75,-3.1099999999999994,5.09,-188.66,-208.07000000000002,130.62
486,1715411329310,4.34314121037464,-2.5362247838616714,4.458847262247839,-164.73400576368874,-61.78965417867435,198.88685878962536
487,1715411329320,3.97,-2.01,3.88,-135.44,117.31000000000002,282.47
488,1715411329330,3.97,-2.01,3.88,-135.44,117.31,282.47
489,1715411329340,3.97,-2.01,3.8799999999999994,-135.44,117.31,282.47
490,1715411329350,3.5339534883720933,-0.33558139534883713,2.443953488372093,-156.28514950166112,218.70425249169435,303.4686046511628
491,1715411329360,3.22,0.8700000000000001,1.41,-177.55,322.14,324.89
492,1715411329370,3.22,0.8699999999999999,1.41,-177.55,322.14,324.89
493,1715411329380,3.22,0.8700000000000001,1.41,-177.55,322.14,324.89
494,1715411329390,3.087964071856287,2.517305389221557,-0.29389221556886236,-212.90389221556885,378.06185628742514,343.8088622754491
495,1715411329400,3.01,3.49,-1.3,-247.01,432.00999999999993,362.05999999999995
496,1715411329410,3.0099999999999993,3.4900000000000007,-1.3,-247.01,432.00999999999993,362.06
497,1715411329420,3.004104046242774,3.4945664739884394,-1.3011560693641617,-247.00999999999996,432.01,362.06
498,1715411329430,1.99,4.28,-1.5,-260.9715894039735,370.3519205298013,321.60503311258276
499,1715411329440,1.99,4.28,-1.5,-263.61,358.69999999999993,313.96
500,1715411329450,1.99,4.28,-1.5,-263.61,358.7,313.96
501,1715411329460,2.013108108108108,4.187567567567568,-1.4037162162162162,-265.15074324324326,357.58162162162165,314.66648648648646
502,1715411329470,2.17,3.5600000000000005,-0.75,-491.64,193.18,418.52
503,1715411329480,2.17,3.5599999999999996,-0.75,-491.64,193.18,418.52
504,1715411329490,2.17,3.56,-0.75,-491.63999999999993,193.18,418.52
505,1715411329500,2.1331901840490795,3.4587730061349693,-0.602760736196319,-466.2531901840491,194.50269938650308,432.202208588957
506,1715411329510,2.05,3.23,-0.27,-373.41,199.34,482.24
507,1715411329520,2.05,3.23,-0.27,-373.41,199.33999999999997,482.24
508,1715411329530,2.05,3.23,-0.27,-373.41,199.34,482.24000000000007
509,1715411329540,2.061132075471698,3.077861635220126,-0.27,-345.50415094339627,211.9450943396226,475.54867924528304
510,1715411329550,2.08,2.82,-0.27,-259.64,250.73000000000002,454.96000000000004
511,1715411329560,2.08,2.82,-0.27,-259.64,250.72999999999996,454.9599999999999
512,1715411329570,2.08,2.82,-0.27,-259.64,250.73,454.96
513,1715411329580,1.862036363636364,3.134836363636363,-0.3426545454545455,-237.3552,240.282,442.1056
514,1715411329590,1.54,3.6,-0.45,-190.0,218.07999999999998,414.79
515,1715411329600,1.54,3.6,-0.45,-190.0,218.07999999999998,414.79
516,1715411329610,1.54,3.6,-0.45,-190.0,218.08,414.79
517,1715411329620,1.677593984962406,3.3523308270676693,-0.1106015037593985,-398.26135338345864,34.77097744360902,483.0487969924812
518,1715411329630,1.69,3.33,-0.08,-458.92,-18.62,502.93000000000006
519,1715411329640,1.69,3.33,-0.08,-458.92,-18.62,502.92999999999995
520,1715411329650,1.69,3.33,-0.08,-458.92,-18.62,502.93
521,1715411329660,0.8314634146341463,4.179593495934959,-0.455609756097561,-238.10813008130083,81.26544715447154,355.76894308943093
522,1715411329670,0.73,4.28,-0.5,-160.46,116.39,304.02
523,1715411329680,0.73,4.28,-0.5,-160.46,116.39,304.02
524,1715411329690,0.73,4.28,-0.5,-160.46,116.39,304.02
525,1715411329700,0.2609386281588448,5.191696750902527,-0.975667870036101,-344.7323465703971,19.890072202166067,313.8998555956679
526,1715411329710,0.02,5.66,-1.22,-464.29,-42.72,320.31
527,1715411329720,0.02,5.66,-1.22,-464.29,-42.72,320.31
528,1715411329730,0.02,5.66,-1.22,-464.29,-42.72,320.31
529,1715411329740,-0.4381012658227848,6.1619620253164555,-1.7414556962025316,-184.2146835443038,47.91094936708861,188.7179746835443
530,1715411329750,-0.92,6.69,-2.2900000000000005,110.41,143.25,50.29
531,1715411329760,-0.92,6.69,-2.29,110.40999999999998,143.25,50.29
532,1715411329770,-0.28658682634730537,6.0860479041916165,-2.3194610778443114,92.4554491017964,56.33377245508982,-48.526646706586824
533,1715411329780,-0.06,5.87,-2.33,76.72,-19.84,-135.13
534,1715411329790,-0.06,5.87,-2.33,76.72,-19.84,-135.13
535,1715411329800,0.15481481481481482,5.736666666666667,-1.9053086419753087,98.41808641975308,-20.108333333333334,-157.66006172839505
536,1715411329810,0.81,5.33,-0.61,229.55000000000004,-21.73,-293.82
537,1715411329820,0.81,5.33,-0.61,229.55,-21.73,-293.82
538,1715411329830,0.81,5.33,-0.61,229.55,-21.73,-293.82
539,1715411329840,0.9134782608695652,4.848086956521739,-0.6247826086956522,195.7510434782609,-39.21486956521739,-333.39304347826084
540,1715411329850,1.16,3.7,-0.66,115.23,-80.87,-427.67
541,1715411329860,1.16,3.7,-0.66,115.22999999999999,-80.87,-427.66999999999996
542,1715411329870,1.16,3.7,-0.66,115.23,-80.87,-427.67
543,1715411329880,1.174943820224719,3.621348314606742,-0.6537078651685393,115.23000000000002,-80.87,-427.6700000000001
544,1715411329890,1.3500000000000003,2.7000000000000006,-0.58,186.04,-93.93,-476.32
545,1715411329900,1.35,2.7,-0.58,186.04,-93.93,-476.31999999999994
546,1715411329910,1.35,2.7,-0.58,186.04,-93.93,-476.31999999999994
547,1715411329920,1.4814364640883977,2.770773480662984,-0.5496685082872927,237.97187845303864,-78.99447513812154,-501.26939226519335
548,1715411329930,1.74,2.91,-0.49,377.87,-38.76,-568.48
549,1715411329940,1.7400000000000002,2.91,-0.49,377.87,-38.76,-568.48
550,1715411329950,1.74,2.91,-0.49,377.87,-38.76,-568.48
551,1715411329960,1.8852830188679244,2.8615723270440254,-0.5238993710691824,375.47503144654087,-45.56,-562.495786163522
552,1715411329970,2.04,2.81,-0.56,355.47,-102.36,-512.51
553,1715411329980,2.04,2.8100000000000005,-0.56,355.47,-102.35999999999999,-512.51
554,1715411329990,2.04,2.81,-0.56,355.47,-102.36,-512.51
555,1715411330000,1.9651145038167939,2.8183206106870227,-0.7347328244274809,356.2797709923664,-176.9212213740458,-476.817786259542
556,1715411330010,1.9500000000000002,2.82,-0.77,356.51,-198.12,-466.67
557,1715411330020,1.95,2.8199999999999994,-0.77,356.51,-198.12,-466.67
558,1715411330030,1.95,2.82,-0.77,356.51,-198.12,-466.67
559,1715411330040,1.7585496183206106,2.9940458015267177,-0.8831297709923664,400.5196183206107,-172.69068702290076,-417.23465648854966
560,1715411330050,1.73,3.02,-0.9,407.53,-168.64,-409.36000000000007
561,1715411330060,1.73,3.02,-0.9,407.53,-168.64,-409.36
562,1715411330070,1.73,3.02,-0.9,407.53,-168.64,-409.36
563,1715411330080,1.4566666666666666,3.4755555555555557,-1.2280000000000002,309.835,-271.88349999999997,-391.86400000000003
564,1715411330090,1.13,4.02,-1.62,190.43,-398.07,-370.48
565,1715411330100,1.13,4.02,-1.62,190.43,-398.07,-370.48
566,1715411330110,1.35546875,3.3984375,-1.30921875,183.051484375,-350.24421875,-380.367109375
567,1715411330120,1.5,-1.11,175.9,-303.89,-389.95
568,1715411330130,1.5,-1.11,175.9,-303.89,-389.95
569,1715411330140,1.5,-1.11,175.9,-303.89,-389.95
570,1715411330150,2.367857142857143,1.6419642857142858,-0.041250000000000016,178.61875,-322.66749999999996,-407.1169642857143
571,1715411330160,2.58,1.31,0.22,181.15,-340.15,-423.1
572,1715411330170,2.5799999999999996,1.31,0.22,181.15,-340.15,-423.1
573,1715411330180,2.58,1.31,0.22,181.15,-340.15,-423.1
574,1715411330190,3.4563265306122446,-0.26816326530612233,1.3444897959183675,150.28843537414966,-330.27653061224487,-386.99210884353744
575,1715411330200,4.84,-2.76,3.1199999999999997,70.5,-304.75,-293.64
576,1715411330210,4.84,-2.76,3.1199999999999997,70.5,-304.75,-293.64
577,1715411330220,4.84,-2.76,3.12,70.5,-304.75,-293.64
578,1715411330230,4.971863117870722,-3.7606083650190114,3.91893536121673,-49.44114068441065,-111.11714828897338,-87.57627376425854
579,1715411330240,5.01,-4.05,4.15,-97.29,-33.87,-5.37
580,1715411330250,5.01,-4.05,4.15,-97.29,-33.87,-5.37
581,1715411330260,5.01,-4.05,4.15,-97.29,-33.87,-5.37
582,1715411330270,4.674161073825504,-2.9025503355704694,2.4055033557046976,-195.30342281879197,132.61590604026847,196.60852348993288
583,1715411330280,4.65,-2.82,2.28,-218.99,172.85,245.42
584,1715411330290,4.65,-2.82,2.28,-218.99,172.85,245.42
585,1715411330300,4.65,-2.82,2.28,-218.99,172.85,245.42000000000002
586,1715411330310,3.6394444444444445,0.3816666666666666,0.18333333333333332,-195.8867901234568,275.5383950617284,381.31086419753086
587,1715411330320,3.5799999999999996,0.57,0.06,-191.47,295.17,407.29
588,1715411330330,3.58,0.57,0.06,-191.47,295.17,407.29
589,1715411330340,3.4866197183098593,0.8473943661971831,-0.05169014084507041,-191.47,295.17,407.29
590,1715411330350,2.56,3.6000000000000005,-1.16,-100.18069364161849,381.9168208092486,409.3707514450867
591,1715411330360,2.56,3.6,-1.16,-98.02,383.97,409.42
592,1715411330370,2.56,3.6,-1.16,-98.02,383.9700000000001,409.42
593,1715411330380,2.56,3.6,-1.16,-98.02,383.97,409.42
594,1715411330390,1.559245283018868,3.845283018867925,-1.0226415094339623,-98.02,383.96999999999997,409.42
595,1715411330400,1.54,3.85,-1.02,-216.5730158730159,285.69222222222226,382.9479365079365
596,1715411330410,1.54,3.85,-1.02,-220.46,282.47,382.08
597,1715411330420,1.545263157894737,3.693859649122807,-0.8971929824561404,-214.27052631578948,276.9559649122807,371.2975438596491
598,1715411330430,1.57,2.96,-0.32,-185.18,251.04,320.62
599,1715411330440,1.57,2.96,-0.32,-185.18,251.04,320.62
600,1715411330450,1.57,2.96,-0.32,-185.18,251.04,320.62
601,1715411330460,1.518876404494382,2.9088764044943822,-0.027865168539325844,-314.0319101123596,134.75086142322095,403.99235955056184
602,1715411330470,1.5,2.89,0.08,-374.21,80.44,442.93
603,1715411330480,1.5,2.89,0.08,-374.21000000000004,80.44,442.93
604,1715411330490,1.5,2.8900000000000006,0.08,-374.2099999999999,80.44,442.93000000000006
605,1715411330500,1.4644230769230768,2.818846153846154,0.0728846153846154,-326.606923076923,84.5626923076923,449.7423076923077
606,1715411330510,1.45,2.79,0.07,-282.53,88.38,456.05000000000007
607,1715411330520,1.45,2.79,0.07,-282.53,88.38,456.05
608,1715411330530,1.45,2.79,0.07,-282.53,88.38,456.05
609,1715411330540,1.3569753086419754,2.3925308641975307,0.09537037037037038,-214.70530864197528,99.78148148148148,419.8104938271605
610,1715411330550,1.34,2.32,0.1,-176.88,106.14,399.6
611,1715411330560,1.34,2.32,0.1,-176.88,106.14,399.6
612,1715411330570,1.3399999999999999,2.32,0.1,-176.88,106.14,399.6
613,1715411330580,1.5267549668874172,2.9736423841059603,-0.1894701986754967,-187.75417218543046,69.15324503311258,440.6264900662252
614,1715411330590,1.54,3.02,-0.21,-193.3,50.29,461.55
615,1715411330600,1.54,3.02,-0.21,-193.3,50.29,461.55
616,1715411330610,1.5353020134228188,3.0238926174496643,-0.21348993288590604,-193.3,50.29,461.54999999999995
617,1715411330620,1.19,3.31,-0.47,-322.22300653594766,-50.31653594771242,468.39941176470586
618,1715411330630,1.19,3.31,-0.47,-332.21,-58.11000000000001,468.93
619,1715411330640,1.19,3.31,-0.47,-332.21,-58.11,468.93
620,1715411330650,0.969,4.053142857142857,-0.4942857142857142,-332.21,-58.11,468.93
621,1715411330660,0.28,6.37,-0.57,-46.02670658682635,-19.52101796407186,378.8523952095809
622,1715411330670,0.28,6.370000000000001,-0.57,-19.839999999999996,-15.990000000000002,370.61
623,1715411330680,0.28,6.37,-0.57,-19.84,-15.99,370.61
624,1715411330690,-0.42682926829268286,6.706585365853659,-1.2810365853658534,-76.17780487804878,-7.187560975609756,341.87146341463415
625,1715411330700,-1.4,7.17,-2.26,-276.49,24.11,239.69
626,1715411330710,-1.4,7.17,-2.26,-276.49,24.11,239.69
627,1715411330720,-1.4,7.17,-2.26,-276.49,24.11,239.69
628,1715411330730,-1.283,6.8955,-2.3859999999999997,-138.61,58.030357142857135,102.55571428571429
629,1715411330740,-1.14,6.56,-2.54,152.47,129.64,-186.95
630,1715411330750,-1.14,6.56,-2.54,152.47,129.64,-186.95
631,1715411330760,-1.14,6.56,-2.54,152.47,129.64,-186.95
632,1715411330770,-0.7918461538461539,5.930461538461539,-2.0392307692307696,113.92092307692307,65.91446153846154,-208.2070769230769
633,1715411330780,-0.41,5.24,-1.49,0.61,-121.4,-270.69
634,1715411330790,-0.41,5.24,-1.49,0.61,-121.4,-270.69
635,1715411330800,-0.41,5.24,-1.49,0.61,-121.4,-270.69
636,1715411330810,0.20140625,4.09109375,-0.979375,24.475625,-81.68046875,-364.9165625
637,1715411330820,0.5,3.5299999999999994,-0.73,44.25,-48.77,-442.99
638,1715411330830,0.5,3.53,-0.73,44.25,-48.77,-442.99
639,1715411330840,0.5,3.53,-0.73,44.25,-48.77,-442.99
640,1715411330850,0.5,3.5299999999999994,-0.73,44.25,-48.77000000000001,-442.99
641,1715411330860,0.8348837209302326,3.2509302325581397,-0.8974418604651163,131.11511627906975,-50.92813953488373,-512.7109302325582
642,1715411330870,0.86,3.23,-0.91,137.63,-51.09,-517.94
643,1715411330880,1.033076923076923,3.23,-0.8315384615384616,140.45833333333334,-62.096666666666664,-528.6733333333334
644,1715411330890,1.61,3.23,-0.57,154.6,-117.13,-582.34
645,1715411330900,1.61,3.23,-0.57,154.6,-117.13,-582.34
646,1715411330910,1.6099999999999999,3.23,-0.57,154.6,-117.12999999999998,-582.34
647,1715411330920,1.7425490196078433,3.1008496732026143,-0.5360130718954248,175.38117647058823,-111.85941176470587,-584.4082352941177
648,1715411330930,2.0,2.85,-0.47,242.92,-94.73,-591.13
649,1715411330940,2.0,2.85,-0.47,242.92,-94.73,-591.13
650,1715411330950,2.0,2.85,-0.47,242.92,-94.73,-591.13
651,1715411330960,2.0,2.85,-0.47,242.92,-94.73,-591.13
652,1715411330970,2.0,2.85,-0.4699999999999999,242.92000000000002,-94.73,-591.13
653,1715411330980,1.966825396825397,2.8409523809523813,-0.5001587301587301,234.14079365079365,-107.35746031746032,-573.6409523809524
654,1715411330990,1.89,2.82,-0.57,213.81,-136.6,-533.14
655,1715411331000,1.6095000000000002,2.82,-1.0545,328.407,-39.683,-511.193
656,1715411331010,1.56,2.82,-1.14,348.63,-22.58,-507.32
657,1715411331020,1.56,2.82,-1.14,348.63,-22.58,-507.32000000000005
658,1715411331030,1.56,2.82,-1.14,348.63,-22.58,-507.32000000000005
659,1715411331040,1.56,2.82,-1.14,348.63,-22.58,-507.32
660,1715411331050,1.56,2.82,-1.14,348.63,-22.58,-507.32
661,1715411331060,1.56,2.82,-1.14,348.63,-22.58,-507.32
662,1715411331070,1.5600000000000003,2.82,-1.14,348.63,-22.58,-507.32
663,1715411331080,1.5599999999999998,2.82,-1.14,348.63,-22.58,-507.32
664,1715411331090,1.56,2.82,-1.14,348.63,-22.58,-507.31999999999994
665,1715411331100,1.4612500000000002,2.9335625,-1.268375,348.63,-22.58,-507.32
666,1715411331110,1.36,3.05,-1.4,348.63,-22.58,-507.32
667,1715411331120,1.391304347826087,2.927101449275362,-1.3176811594202897,341.55797101449275,-56.607898550724634,-479.68717391304347
668,1715411331130,1.63,1.9899999999999998,-0.69,283.51,-306.4,-274.11
669,1715411331140,1.63,1.9899999999999998,-0.69,283.51,-306.4,-274.11
670,1715411331150,2.964666666666667,0.758,1.483111111111111,182.16659259259256,-358.44059259259257,-265.26925925925923
671,1715411331160,3.97,-0.17,3.12,105.83,-397.64,-258.61
672,1715411331170,3.9699999999999998,-0.17,3.1200000000000006,105.83,-397.63999999999993,-258.61
673,1715411331180,4.174891304347827,-1.0531521739130434,3.88304347826087,118.10130434782609,-285.4869565217391,-205.87260869565216
674,1715411331190,4.55,-2.67,5.28,141.11,-75.2,-106.98999999999998
675,1715411331200,4.55,-2.67,5.28,141.11,-75.2,-106.99
676,1715411331210,4.541495327102804,-2.6271495327102805,5.273457943925234,141.11,-75.2,-106.99000000000001
677,1715411331220,4.29,-1.36,5.08,-13.335121951219513,81.44634146341463,6.814878048780493
678,1715411331230,4.29,-1.36,5.08,-112.18,181.7,79.65
679,1715411331240,4.29,-1.36,5.08,-112.18,181.7,79.65
680,1715411331250,4.29,-1.36,5.08,-112.18,181.7,79.65
681,1715411331260,3.7964516129032257,0.28516129032258064,1.8262365591397849,-311.24279569892474,341.5615053763441,157.51322580645163
682,1715411331270,3.75,0.44000000000000006,1.52,-355.77,377.32,174.93
683,1715411331280,3.75,0.44,1.52,-355.77,377.32,174.93
684,1715411331290,3.75,0.44,1.52,-355.77,377.32,174.93
685,1715411331300,3.266487804878049,2.5461463414634142,-1.0942439024390243,-450.1460975609756,398.2714634146341,313.41682926829264
686,1715411331310,3.16,3.01,-1.67,-480.59,405.03,358.09
687,1715411331320,3.16,3.01,-1.67,-480.5899999999999,405.03,358.09
688,1715411331330,3.0857894736842106,3.051842105263158,-1.6976315789473682,-480.59,405.03,358.09
689,1715411331340,2.22,3.54,-2.02,-143.5572131147541,506.7840983606558,241.98508196721312
690,1715411331350,2.22,3.54,-2.02,-137.94,508.47999999999996,240.04999999999998
691,1715411331360,2.22,3.54,-2.02,-137.94,508.48,240.05
692,1715411331370,2.22,3.5399999999999996,-2.02,-137.94,508.47999999999996,240.05000000000004
693,1715411331380,2.18,3.38,-1.33,-298.06899224806205,370.58728682170545,246.17217054263566
694,1715411331390,2.18,3.38,-1.33,-299.32,369.51,246.22
695,1715411331400,2.18,3.38,-1.33,-299.32,369.51,246.22
696,1715411331410,2.0208121827411167,3.243553299492386,-1.1423857868020306,-388.6929441624365,294.25375634517764,309.78208121827413
697,1715411331420,1.9,3.14,-1.0,-480.83,216.67,375.31
698,1715411331430,1.9,3.14,-1.0,-480.83,216.67,375.31
699,1715411331440,1.9,3.14,-1.0,-480.83,216.67,375.31
700,1715411331450,1.9455714285714285,3.1027142857142858,-0.8052857142857143,-467.4115,200.21664285714283,411.39257142857144
701,1715411331460,2.01,3.05,-0.53,-440.86000000000007,167.66,482.79
702,1715411331470,2.01,3.05,-0.53,-440.86,167.66,482.79
703,1715411331480,2.0095,3.0420000000000003,-0.5225,-440.86,167.66,482.79
704,1715411331490,2.0,2.89,-0.38,-360.5299999999999,121.28,526.18
705,1715411331500,2.0,2.89,-0.37999999999999995,-360.5299999999999,121.27999999999999,526.18
706,1715411331510,2.0,2.89,-0.38,-360.53000000000003,121.28,526.18
707,1715411331520,2.0,2.89,-0.38,-360.53,121.28,526.18
708,1715411331530,1.9747368421052631,2.9847368421052636,-0.26,-339.35563909774436,40.79496240601504,537.4942105263158
709,1715411331540,1.96,3.04,-0.19,-326.6,-7.690000000000001,544.31
710,1715411331550,1.96,3.04,-0.19,-326.6,-7.690000000000001,544.31
711,1715411331560,1.96,3.04,-0.19,-326.6,-7.69,544.31
712,1715411331570,2.3245161290322582,3.741693548387097,0.028709677419354842,-269.7935483870968,-50.560967741935485,532.8906451612903
713,1715411331580,2.36,3.81,0.05,-256.16,-60.85000000000001,530.15
714,1715411331590,2.36,3.8100000000000005,0.05,-256.16,-60.85,530.15
715,1715411331600,2.36,3.8100000000000005,0.05,-256.16,-60.85,530.15
716,1715411331610,1.1521678321678321,5.719440559440559,-0.5006293706293705,-177.779020979021,28.237412587412585,392.64846153846156
717,1715411331620,1.0,5.96,-0.57,-157.84,50.9,357.67
718,1715411331630,1.0,5.959999999999999,-0.57,-157.84,50.9,357.67
719,1715411331640,0.4048520710059172,6.404970414201184,-1.048343195266272,-165.8823076923077,13.589230769230769,332.0338461538462
720,1715411331650,-1.14,7.56,-2.29,-192.69,-110.78,246.58
721,1715411331660,-1.14,7.56,-2.29,-192.69,-110.78,246.58
722,1715411331670,-1.14,7.56,-2.29,-192.69,-110.78,246.58
723,1715411331680,-1.14,7.56,-2.29,-192.69,-110.78,246.58
724,1715411331690,-0.5553086419753086,6.938765432098765,-1.6139506172839504,10.923333333333337,43.11333333333334,-72.30666666666666
725,1715411331700,-0.5,6.88,-1.55,112.73,120.06,-231.75
726,1715411331710,-0.5,6.88,-1.55,112.72999999999999,120.05999999999999,-231.75
727,1715411331720,-0.5,6.88,-1.55,112.73,120.06,-231.75
728,1715411331730,0.0,5.27,-1.35,150.97086956521738,70.25355072463768,-373.6542028985507
729,1715411331740,0.0,5.27,-1.35,151.25,69.89,-374.69
730,1715411331750,0.0,5.27,-1.35,151.25,69.89,-374.69
731,1715411331760,0.442112676056338,4.646197183098591,-1.0471830985915493,97.78,3.5749999999999993,-423.58
732,1715411331770,0.7299999999999999,4.24,-0.85,44.31,-62.739999999999995,-472.4700000000001
733,1715411331780,0.73,4.24,-0.85,44.31,-62.74000000000001,-472.47
734,1715411331790,0.73,4.24,-0.85,44.31,-62.739999999999995,-472.4700000000001
735,1715411331800,0.73,4.24,-0.8499999999999999,44.31,-62.74,-472.4700000000001
736,1715411331810,1.4811888111888112,3.681188811188811,-0.8316783216783217,99.11013986013987,-47.87195804195804,-565.4525174825176
737,1715411331820,1.55,3.63,-0.83,104.13,-46.51,-573.97
738,1715411331830,1.55,3.63,-0.83,104.13,-46.51,-573.97
739,1715411331840,1.55,3.63,-0.83,104.13,-46.51,-573.97
740,1715411331850,1.7349056603773587,3.5507547169811318,-0.8337735849056603,103.40251572327044,-55.88616352201257,-585.0796855345911
741,1715411331860,2.04,3.42,-0.84,101.44,-81.18,-615.05
742,1715411331870,2.083181818181818,3.3854545454545457,-0.8535714285714285,101.44,-81.18,-615.05
743,1715411331880,2.39,3.14,-0.9499999999999998,212.51510791366906,-61.96920863309352,-654.9806474820143
744,1715411331890,2.39,3.14,-0.95,213.32,-61.83,-655.27
745,1715411331900,2.39,3.14,-0.95,213.32,-61.83,-655.2699999999999
746,1715411331910,2.39,3.14,-0.9499999999999998,213.32,-61.83,-655.27
747,1715411331920,2.39,3.14,-0.9499999999999998,213.32,-61.83,-655.27
748,1715411331930,2.39,3.14,-0.95,213.32,-61.83,-655.27
749,1715411331940,2.39,3.14,-0.9499999999999998,213.32,-61.82999999999999,-655.27
750,1715411331950,2.39,3.14,-0.9500000000000001,213.32,-61.83,-655.27
751,1715411331960,2.1889361702127657,3.001489361702128,-0.9768085106382978,261.9148936170213,-70.14510638297871,-590.6391489361702
752,1715411331970,1.9400000000000002,2.83,-1.01,322.08,-80.44,-510.62
753,1715411331980,1.8479166666666667,2.8919791666666668,-1.0967708333333335,329.32645833333333,-82.41604166666666,-502.60062500000004
754,1715411331990,1.42,3.1799999999999997,-1.5,371.77,-93.99,-455.63000000000005
755,1715411332000,1.42,3.18,-1.5,371.77,-93.99,-455.63
756,1715411332010,1.42,3.18,-1.5,371.77,-93.99,-455.62999999999994
757,1715411332020,1.4876344086021505,2.9134408602150534,-1.4602150537634406,368.22516129032255,-108.84709677419353,-444.5625806451613
758,1715411332030,1.59,2.51,-1.4,341.8,-219.6,-362.06
759,1715411332040,1.59,2.51,-1.3999999999999997,341.8,-219.6,-362.06
760,1715411332050,1.59,2.51,-1.4,341.8,-219.6,-362.06
761,1715411332060,1.7751239669421488,2.1721487603305785,-0.9695867768595041,352.6423966942149,-220.79404958677685,-343.34256198347106
762,1715411332070,1.99,1.7800000000000002,-0.47,372.31,-222.96,-309.39
763,1715411332080,1.9900000000000002,1.78,-0.47,372.31,-222.96,-309.39
764,1715411332090,1.99,1.78,-0.4699999999999999,372.31,-222.96,-309.39
765,1715411332100,3.202301587301587,0.48000000000000004,1.547063492063492,352.60849206349206,-241.66500000000002,-292.1422222222222
766,1715411332110,4.34,-0.74,3.44,314.58,-277.77,-258.85
767,1715411332120,4.34,-0.74,3.44,314.58,-277.77,-258.85
768,1715411332130,4.34,-0.74,3.44,314.58,-277.77,-258.85
769,1715411332140,4.677209302325582,-1.495813953488372,5.015581395348837,190.7020930232558,-217.61728682170542,-99.14147286821706
770,1715411332150,4.92,-2.04,6.1499999999999995,68.73,-158.39,58.11
771,1715411332160,4.92,-2.04,6.15,68.73,-158.39,58.11
772,1715411332170,4.92,-2.04,6.15,68.73,-158.39,58.11
773,1715411332180,4.027062937062937,-1.3367132867132865,4.577482517482518,-143.20482517482517,36.69531468531469,173.61461538461538
774,1715411332190,3.79,-1.15,4.16,-243.71000000000004,129.21,228.39
775,1715411332200,3.7900000000000005,-1.15,4.16,-243.71,129.21,228.39
776,1715411332210,3.79,-1.15,4.16,-243.71000000000004,129.21,228.38999999999996
777,1715411332220,3.0950434782608696,0.9831304347826088,0.8106956521739129,-276.8401739130435,351.92286956521735,236.5941739130435
778,1715411332230,3.07,1.06,0.69,-280.7,377.87,237.55
779,1715411332240,3.07,1.06,0.69,-280.7,377.87,237.54999999999998
780,1715411332250,3.07,1.06,0.69,-280.7,377.87,237.55
781,1715411332260,2.4344137931034484,2.807862068965517,-1.4749655172413794,-352.5990344827586,342.92186206896554,271.7243448275862
782,1715411332270,2.43,2.82,-1.49,-359.68,339.48,275.09
783,1715411332280,2.43,2.82,-1.49,-359.68,339.48,275.09
784,1715411332290,2.1951315789473687,3.0011842105263153,-1.3826315789473684,-335.7642105263158,335.2721052631579,276.6794736842105
785,1715411332300,1.73,3.36,-1.1699999999999997,-268.8,323.49,281.13
786,1715411332310,1.73,3.36,-1.17,-268.8,323.49,281.13
787,1715411332320,1.73,3.36,-1.17,-268.8,323.49,281.13
788,1715411332330,1.803809523809524,3.1680952380952383,-0.978095238095238,-275.5464285714286,308.88464285714286,290.0335714285714
789,1715411332340,1.93,2.84,-0.65,-306.58,241.69999999999996,330.99
790,1715411332350,1.9299999999999997,2.84,-0.65,-306.58,241.70000000000002,330.99
791,1715411332360,1.93,2.84,-0.65,-306.58,241.69999999999996,330.99
792,1715411332370,1.9490588235294115,2.8590588235294114,-0.4975294117647059,-343.8777647058823,180.94505882352942,393.336705882353
793,1715411332380,1.97,2.88,-0.33,-402.65,85.21,491.58
794,1715411332390,1.9699999999999998,2.88,-0.33,-402.65,85.21,491.58
795,1715411332400,1.9699999999999998,2.88,-0.33,-402.65,85.21,491.58000000000004
796,1715411332410,1.9311428571428573,2.9771428571428573,-0.30571428571428577,-315.28214285714284,115.94214285714285,487.6978571428571
797,1715411332420,1.8900000000000001,3.08,-0.28,-158.02,171.26,480.7099999999999
798,1715411332430,1.8900000000000001,3.08,-0.28,-158.02000000000004,171.26,480.7099999999999
799,1715411332440,1.89,3.08,-0.28,-158.02,171.26,480.71
800,1715411332450,1.846896551724138,3.230862068965517,-0.45241379310344826,-131.06310344827585,154.67770114942527,486.36333333333334
801,1715411332460,1.83,3.29,-0.52,-113.77,144.04,489.99
802,1715411332470,1.83,3.29,-0.52,-113.77,144.04,489.99
803,1715411332480,1.83,3.29,-0.52,-113.76999999999998,144.04,489.99
804,1715411332490,1.6214685314685315,3.9056643356643357,-0.2916083916083916,-158.2902797202797,79.49524475524476,535.1455944055944
805,1715411332500,1.6200000000000003,3.91,-0.29,-169.13,63.78000000000001,546.14
806,1715411332510,1.62,3.91,-0.29,-169.13,63.779999999999994,546.14
807,1715411332520,1.5534246575342467,4.161506849315069,-0.1321917808219178,-188.4022602739726,60.278287671232874,549.735890410959
808,1715411332530,1.35,4.93,0.35,-281.68,43.33,567.14
809,1715411332540,1.35,4.93,0.35,-281.68,43.33,567.14
810,1715411332550,1.35,4.93,0.35,-281.68,43.33,567.14
811,1715411332560,1.162962962962963,5.446666666666666,-0.24259259259259264,-281.68,43.33,567.14
812,1715411332570,0.34,7.720000000000001,-2.85,-237.805,229.55406250000001,414.18500000000006
813,1715411332580,0.34,7.719999999999999,-2.85,-229.67999999999998,264.04,385.86
814,1715411332590,0.34,7.72,-2.85,-229.68,264.04,385.86
815,1715411332600,-1.6216666666666668,7.206666666666667,-3.07,-103.0253125,217.461875,204.3084375
816,1715411332610,-1.8,7.16,-3.0900000000000003,-8.61,182.73999999999998,68.97
817,1715411332620,-1.8000000000000003,7.16,-3.09,-8.61,182.74,68.97
818,1715411332630,-1.7999999999999998,7.160000000000001,-3.09,-8.61,182.74,68.97
819,1715411332640,-1.1940594059405942,5.93920792079208,-3.5355445544554454,57.91970297029703,117.8228712871287,-196.23237623762378
820,1715411332650,-1.12,5.790000000000001,-3.5900000000000003,66.89,109.07,-231.98999999999998
821,1715411332660,-1.12,5.790000000000001,-3.59,66.89,109.07,-231.99
822,1715411332670,-1.12,5.79,-3.59,66.89,109.07,-231.99
823,1715411332680,-0.7370588235294119,5.250588235294118,-2.869411764705882,42.89,0.4730252100840309,-276.0612605042017
824,1715411332690,-0.19,4.48,-1.84,7.39,-160.16,-341.25
825,1715411332700,-0.19,4.48,-1.84,7.39,-160.16,-341.25
826,1715411332710,-0.19,4.48,-1.84,7.39,-160.16,-341.25
827,1715411332720,0.693112582781457,3.7915894039735103,-1.2211258278145694,100.59900662251655,-139.40039735099336,-419.8253642384106
828,1715411332730,1.08,3.4900000000000007,-0.9499999999999998,181.15,-121.46,-487.72999999999996
829,1715411332740,1.08,3.49,-0.95,181.15,-121.46,-487.73
830,1715411332750,1.08,3.49,-0.95,181.15,-121.46,-487.73
831,1715411332760,1.4425000000000001,3.331987179487179,-0.6711538461538462,131.45403846153846,-138.42602564102566,-512.1900641025641
832,1715411332770,1.47,3.32,-0.65,122.86,-141.36,-516.42
833,1715411332780,1.47,3.32,-0.65,122.85999999999999,-141.36,-516.42
834,1715411332790,1.47,3.32,-0.65,122.86,-141.36,-516.42
835,1715411332800,2.0788372093023253,2.8956589147286818,-0.4470542635658915,116.2739534883721,-125.27906976744185,-563.3730232558139
836,1715411332810,2.13,2.86,-0.43,115.66,-123.78,-567.75
837,1715411332820,2.13,2.86,-0.42999999999999994,115.66,-123.77999999999999,-567.75
838,1715411332830,2.0902580645161293,2.8654193548387097,-0.4444516129032258,119.26374193548388,-125.03612903225806,-560.8278064516129
839,1715411332840,1.91,2.89,-0.51,141.05,-132.63,-518.98
840,1715411332850,1.9099999999999997,2.89,-0.51,141.05,-132.63,-518.98
841,1715411332860,1.91,2.89,-0.51,141.05,-132.63,-518.98
842,1715411332870,1.8866666666666665,2.8946666666666667,-0.5239999999999999,152.76407407407407,-128.95,-518.3244444444445
843,1715411332880,1.7600000000000002,2.92,-0.6,299.19,-82.95,-510.13
844,1715411332890,1.76,2.92,-0.6,299.19,-82.95,-510.13
845,1715411332900,1.7600000000000002,2.92,-0.6,299.19,-82.95,-510.13
846,1715411332910,1.7402597402597402,3.1174025974025974,-0.7135064935064934,339.238051948052,-107.5383116883117,-484.56766233766234
847,1715411332920,1.72,3.32,-0.83,401.9800000000001,-146.06,-444.5199999999999
848,1715411332930,1.72,3.32,-0.83,401.97999999999996,-146.06,-444.52000000000004
849,1715411332940,1.5538636363636362,3.305340909090909,-0.8397727272727272,383.84670454545454,-175.91079545454545,-365.2485227272727
850,1715411332950,1.38,3.29,-0.85,364.87,-207.15,-282.29
851,1715411332960,1.38,3.29,-0.85,364.87,-207.15,-282.29
852,1715411332970,1.38,3.29,-0.85,364.87,-207.15,-282.29
853,1715411332980,1.6124503311258278,2.7527814569536426,-0.6950331125827814,292.4217880794702,-242.07556291390725,-275.94509933774833
854,1715411332990,1.83,2.25,-0.55,136.96,-317.02,-262.33
855,1715411333000,1.8300000000000003,2.25,-0.55,136.96,-317.02,-262.33
856,1715411333010,1.83,2.25,-0.55,136.96,-317.02,-262.33
857,1715411333020,2.4707692307692306,0.8365384615384616,0.9137179487179486,180.93128205128204,-307.2764102564102,-317.4930769230769
858,1715411333030,2.85,0.0,1.78,244.13999999999996,-293.27,-396.79
859,1715411333040,2.85,0.0,1.78,244.14,-293.27,-396.79
860,1715411333050,2.85,0.0,1.78,244.14,-293.27,-396.79
861,1715411333060,3.1346385542168678,-1.0481927710843373,2.959216867469879,199.98072289156627,-187.37867469879515,-358.12722891566267
862,1715411333070,3.48,-2.32,4.39,145.08,-55.73,-310.06
863,1715411333080,3.48,-2.32,4.39,145.08,-55.73,-310.06
864,1715411333090,3.491582278481012,-2.32626582278481,4.392848101265822,145.08,-55.730000000000004,-310.06
865,1715411333100,4.09,-2.65,4.54,-34.21834586466166,116.02631578947368,-204.60804511278195
866,1715411333110,4.09,-2.65,4.54,-52.0,133.06,-194.15
867,1715411333120,4.09,-2.65,4.54,-52.0,133.06,-194.15
868,1715411333130,4.086273291925465,-2.582919254658385,4.3790062111801245,-52.0,133.06,-194.15
869,1715411333140,4.04,-1.75,2.38,-161.83545454545455,365.40586776859504,-39.4797520661157
870,1715411333150,4.04,-1.75,2.38,-181.03,406.01000000000005,-12.450000000000001
871,1715411333160,4.04,-1.75,2.38,-181.03,406.01,-12.450000000000001
872,1715411333170,3.9451898734177218,-1.511645569620253,2.1159493670886076,-181.03,406.01,-12.45
873,1715411333180,2.97,0.94,-0.6,-445.68184523809526,316.641369047619,215.24547619047618
874,1715411333190,2.97,0.94,-0.6,-453.8,313.9,222.23
875,1715411333200,2.97,0.94,-0.6,-453.8,313.9,222.23
876,1715411333210,2.453766233766234,2.284155844155844,-1.4181818181818182,-240.8025974025974,327.7103896103896,259.27155844155845
877,1715411333220,2.44,2.32,-1.44,-201.48,330.26,266.11
878,1715411333230,2.44,2.32,-1.44,-201.48,330.26,266.11
879,1715411333240,2.44,2.32,-1.44,-201.48,330.26,266.11
880,1715411333250,2.187197452229299,2.653057324840764,-1.179171974522293,-199.23859872611465,336.41955414012733,268.57783439490447
881,1715411333260,1.81,3.15,-0.79,-193.66,351.75,274.72
882,1715411333270,1.81,3.15,-0.79,-193.66,351.75,274.72
883,1715411333280,1.81,3.15,-0.79,-193.66,351.75,274.72
884,1715411333290,1.7675352112676057,3.1971830985915495,-0.7805633802816901,-230.8656338028169,339.17760563380284,277.2371830985916
885,1715411333300,1.72,3.25,-0.77,-358.76,295.96,285.89
886,1715411333310,1.72,3.25,-0.77,-358.76,295.96,285.89
887,1715411333320,1.72,3.25,-0.77,-358.76,295.96,285.89
888,1715411333330,1.7671698113207548,3.10062893081761,-0.7149685534591195,-425.9298113207547,232.0367295597484,328.8338993710692
889,1715411333340,1.78,3.06,-0.7,-478.75999999999993,181.76,362.61
890,1715411333350,1.78,3.06,-0.7,-478.76,181.76,362.61
891,1715411333360,1.7800000000000002,3.0600000000000005,-0.7,-478.76,181.76,362.61
892,1715411333370,1.6967500000000002,2.838,-0.491875,-430.19431249999997,151.02050000000003,397.656
893,1715411333380,1.66,2.74,-0.4,-400.27,132.08,419.25
894,1715411333390,1.66,2.74,-0.4,-400.27,132.08,419.25
895,1715411333400,1.66,2.74,-0.4,-400.27,132.08,419.25
896,1715411333410,1.8044736842105265,2.6276315789473688,-0.34381578947368424,-265.79710526315785,153.87947368421052,423.90526315789475
897,1715411333420,1.84,2.6,-0.33,-232.73,159.24,425.05
898,1715411333430,1.84,2.6,-0.33,-232.73,159.24,425.05
899,1715411333440,1.84,2.6,-0.33,-232.73,159.24,425.05
900,1715411333450,1.6059504132231406,3.0388429752066113,-0.38851239669421495,-177.06264462809918,137.05115702479338,412.3892561983471
901,1715411333460,1.6,3.05,-0.39,-168.58,133.67,410.46
902,1715411333470,1.6000000000000003,3.0499999999999994,-0.39,-168.57999999999998,133.67,410.4599999999999
903,1715411333480,1.651219512195122,3.216463414634146,-0.3204878048780488,-189.569756097561,121.16073170731705,419.8924390243902
904,1715411333490,1.88,3.9600000000000004,-0.01,-455.44,-37.29,539.37
905,1715411333500,1.8800000000000001,3.9599999999999995,-0.01,-455.44,-37.29,539.37
906,1715411333510,1.8800000000000001,3.9600000000000004,-0.01,-455.44,-37.29,539.37
907,1715411333520,1.3796363636363635,4.893818181818182,-0.8914545454545455,-356.3301818181818,9.281636363636364,473.2812727272727
908,1715411333530,0.16,7.169999999999999,-3.04,-114.75,122.8,312.19
909,1715411333540,0.16,7.17,-3.04,-114.75,122.8,312.19
910,1715411333550,0.16,7.170000000000001,-3.04,-114.75,122.8,312.19
911,1715411333560,-0.8067582417582416,7.240054945054945,-3.357582417582418,-79.31307692307692,116.6242857142857,204.91098901098903
912,1715411333570,-1.91,7.32,-3.72,-17.03,105.77000000000001,16.36
913,1715411333580,-1.9099999999999997,7.319999999999999,-3.7200000000000006,-17.03,105.77,16.36
914,1715411333590,-1.91,7.32,-3.72,-17.03,105.77000000000001,16.36
915,1715411333600,-1.0305479452054793,5.971506849315069,-3.390205479452055,6.137602739726027,13.785205479452053,-118.00835616438357
916,1715411333610,-0.71,5.48,-3.27,20.14,-41.81,-199.22
917,1715411333620,-0.71,5.48,-3.27,20.14,-41.81,-199.22
918,1715411333630,-0.71,5.48,-3.27,20.14,-41.81,-199.22
919,1715411333640,-0.06212765957446807,4.5342553191489365,-1.7136170212765955,65.5386170212766,-96.39755319148937,-297.17882978723406
920,1715411333650,0.16,4.21,-1.18,92.47,-128.78,-355.29
921,1715411333660,0.16,4.21,-1.18,92.46999999999998,-128.78,-355.29
922,1715411333670,0.16,4.21,-1.18,92.47,-128.78,-355.29
923,1715411333680,0.7270555555555556,3.412277777777778,-0.7763333333333334,108.2308888888889,-123.6808888888889,-415.9164444444444
924,1715411333690,0.75,3.38,-0.7599999999999999,111.50999999999999,-122.62000000000002,-428.53000000000003
925,1715411333700,0.75,3.38,-0.76,111.51,-122.62,-428.53
926,1715411333710,0.9216129032258065,3.175698924731183,-0.7518279569892473,113.67480286738352,-111.26383512544803,-458.601935483871
927,1715411333720,1.17,2.8800000000000003,-0.74,117.49,-91.25,-511.6
928,1715411333730,1.17,2.88,-0.74,117.49,-91.25,-511.59999999999997
929,1715411333740,1.17,2.88,-0.74,117.49,-91.25,-511.6
930,1715411333750,1.2991715976331362,2.792426035502958,-0.7159171597633136,133.8337869822485,-92.15319526627219,-516.234201183432
931,1715411333760,1.7600000000000002,2.48,-0.63,270.94,-99.73,-555.11
932,1715411333770,1.76,2.48,-0.63,270.94,-99.73,-555.11
933,1715411333780,1.76,2.48,-0.63,270.94,-99.73,-555.11
934,1715411333790,1.7920512820512822,2.4703846153846154,-0.5626923076923077,276.8626923076923,-105.86833333333333,-545.9322435897436
935,1715411333800,1.86,2.45,-0.42,302.8,-132.75,-505.74
936,1715411333810,1.8599999999999999,2.45,-0.42,302.8,-132.75,-505.74
937,1715411333820,1.86,2.45,-0.42,302.8,-132.75,-505.74
938,1715411333830,1.6098136645962733,2.5224223602484472,-0.5977639751552795,348.8436645962733,-102.11198757763974,-474.1488819875776
939,1715411333840,1.48,2.56,-0.6900000000000001,382.51,-79.71,-451.05
940,1715411333850,1.4799999999999998,2.56,-0.6900000000000001,382.51,-79.71,-451.05
941,1715411333860,1.4600921658986175,2.583225806451613,-0.7652073732718894,379.82972350230415,-84.92437788018434,-446.93253456221197
942,1715411333870,1.3,2.77,-1.3699999999999999,337.77,-166.75,-382.32
943,1715411333880,1.3,2.77,-1.37,337.77,-166.75,-382.32
944,1715411333890,1.3,2.77,-1.37,337.77,-166.75,-382.32
945,1715411333900,1.3,2.77,-1.37,337.77,-166.75,-382.32
946,1715411333910,1.4375845410628019,2.555024154589372,-1.241014492753623,300.26980676328503,-247.71927536231883,-332.89729468599035
947,1715411333920,1.46,2.52,-1.22,288.64,-272.83,-317.57000000000005
948,1715411333930,1.46,2.52,-1.22,288.64,-272.83,-317.57
949,1715411333940,1.4599999999999997,2.52,-1.22,288.64,-272.83,-317.57
950,1715411333950,1.5354716981132075,1.9916981132075473,-1.0218867924528303,215.1982075471698,-302.2923584905661,-271.18924528301886
951,1715411333960,1.54,1.96,-1.01,201.16999999999996,-307.92,-262.33
952,1715411333970,1.54,1.96,-1.01,201.17,-307.92,-262.33
953,1715411333980,1.54,1.96,-1.01,201.17000000000002,-307.92,-262.33
954,1715411333990,2.4996808510638293,0.10989361702127659,1.5722340425531918,239.34015957446806,-356.98957446808515,-291.7148936170213
955,1715411334000,2.51,0.09,1.6,244.14,-363.16,-295.41
956,1715411334010,2.51,0.09,1.6,244.14,-363.16,-295.41
957,1715411334020,3.3992430278884465,-1.248645418326693,3.0055776892430277,166.5372908366534,-250.17438247011953,-224.98912350597612
958,1715411334030,4.37,-2.71,4.54,68.66,-107.67,-136.17
959,1715411334040,4.37,-2.71,4.54,68.66,-107.66999999999999,-136.17
960,1715411334050,4.37,-2.71,4.54,68.66,-107.67,-136.17
961,1715411334060,4.21858407079646,-2.7279646017699113,4.47070796460177,9.420442477876106,-53.69150442477876,-88.25327433628318
962,1715411334070,3.78,-2.78,4.27,-162.17,102.66,50.54
963,1715411334080,3.78,-2.78,4.27,-162.17,102.66,50.54
964,1715411334090,3.78,-2.78,4.27,-162.17,102.65999999999998,50.54
965,1715411334100,3.7708056872037914,-1.9433175355450236,3.442511848341232,-176.54834123222747,182.32805687203793,99.37857819905214
966,1715411334110,3.76,-0.9599999999999999,2.47,-204.9,339.41999999999996,195.67999999999998
967,1715411334120,3.76,-0.96,2.47,-204.9,339.42,195.68
968,1715411334130,3.76,-0.96,2.47,-204.9,339.42,195.68
969,1715411334140,3.6882868525896413,1.291792828685259,0.3472908366533865,-339.93250996015934,376.33689243027885,288.25996015936255
970,1715411334150,3.6600000000000006,2.18,-0.49,-420.78,398.44,343.69
971,1715411334160,3.66,2.18,-0.49,-420.7799999999999,398.44,343.69
972,1715411334170,3.6599999999999997,2.18,-0.49,-420.78,398.44000000000005,343.69000000000005
973,1715411334180,3.1471153846153848,3.0592307692307696,-1.2410096153846153,-353.17557692307685,402.52980769230766,338.2238461538461
974,1715411334190,2.82,3.62,-1.72,-213.99,410.95,326.97
975,1715411334200,2.82,3.62,-1.72,-213.99,410.95,326.97
976,1715411334210,2.82,3.6199999999999997,-1.72,-213.99,410.95,326.97
977,1715411334220,2.5116746411483253,4.142440191387561,-1.3859808612440192,-257.24430622009567,354.57688995215307,316.763062200957
978,1715411334230,2.46,4.23,-1.33,-270.14,337.77,313.72
979,1715411334240,2.46,4.23,-1.3299999999999998,-270.14,337.77000000000004,313.72
980,1715411334250,2.34640350877193,4.210043859649123,-1.2931578947368423,-270.14,337.77,313.72
981,1715411334260,1.7200000000000002,4.1,-1.09,-474.86580645161285,180.83129032258063,413.7167741935484
982,1715411334270,1.72,4.1,-1.09,-481.69,175.6,417.05
983,1715411334280,1.72,4.1,-1.09,-481.69,175.6,417.05
984,1715411334290,1.6794570135746607,3.830678733031674,-0.898868778280543,-479.0630316742081,154.5156108597285,423.7417194570136
985,1715411334300,1.58,3.17,-0.42999999999999994,-467.53,61.95,453.12
986,1715411334310,1.58,3.1700000000000004,-0.43,-467.53,61.95,453.12
987,1715411334320,1.58,3.17,-0.42999999999999994,-467.53,61.95,453.12
988,1715411334330,1.6895111111111114,2.9157777777777776,-0.3283111111111111,-365.9756888888889,98.54546666666667,428.2691555555555
989,1715411334340,1.86,2.52,-0.17,-158.75,173.22,377.56
990,1715411334350,1.86,2.52,-0.17,-158.75,173.22,377.56
991,1715411334360,1.8600000000000003,2.52,-0.17000000000000004,-158.75,173.22,377.56
992,1715411334370,1.7793220338983051,2.957966101694915,-0.24491525423728813,-199.7142372881356,144.50368644067797,396.2117372881356
993,1715411334380,1.7200000000000002,3.28,-0.3,-239.99,116.26999999999998,414.55
994,1715411334390,1.72,3.28,-0.3,-239.98999999999998,116.27,414.55
995,1715411334400,1.72,3.28,-0.3,-239.99,116.27000000000001,414.55
996,1715411334410,1.2971844660194176,3.3999029126213594,0.021844660194174758,-402.73742718446596,-47.68422330097088,498.6198058252427
997,1715411334420,1.05,3.47,0.21,-536.68,-182.62,567.81
998,1715411334430,1.05,3.47,0.21,-536.68,-182.62,567.81
999,1715411334440,1.05,3.47,0.21,-536.68,-182.62,567.81
1000,1715411334450,0.17785714285714285,5.029285714285715,-0.26571428571428574,-456.1537142857143,-121.15828571428573,523.7282857142857
1001,1715411334460,0.06,5.240000000000001,-0.33,-408.57,-84.84000000000002,497.68
1002,1715411334470,0.06,5.239999999999999,-0.33000000000000007,-408.57,-84.83999999999999,497.68
1003,1715411334480,0.06,5.24,-0.33,-408.57,-84.84,497.68
1004,1715411334490,-0.2984664536741214,6.649968051118211,0.24952076677316293,-169.11728434504792,-76.63936102236423,343.1336102236422
1005,1715411334500,-0.54,7.6,0.64,-5.619999999999999,-71.04,237.61000000000004
1006,1715411334510,-0.54,7.6,0.6399999999999999,-5.619999999999999,-71.04,237.61
1007,1715411334520,-0.54,7.6,0.6399999999999999,-5.619999999999999,-71.04,237.61
1008,1715411334530,-0.6856310679611649,7.299029126213592,-1.0687378640776701,216.6615533980583,205.38718446601942,-219.08902912621357
1009,1715411334540,-0.69,7.29,-1.12,223.33,213.68,-232.79
1010,1715411334550,-0.69,7.29,-1.12,223.33,213.68,-232.79
1011,1715411334560,-0.15257142857142852,6.752571428571429,-0.9440000000000002,213.43235714285717,181.69828571428573,-269.67692857142856
1012,1715411334570,1.02,5.58,-0.56,181.34,78.0,-389.28
1013,1715411334580,1.02,5.58,-0.56,181.34,78.0,-389.28
1014,1715411334590,1.02,5.58,-0.56,181.34,78.0,-389.28
1015,1715411334600,1.1281081081081081,4.8448648648648645,-0.5275675675675675,146.155,47.77918918918919,-438.3731081081081
1016,1715411334610,1.22,4.22,-0.5,97.35000000000001,5.86,-506.47
1017,1715411334620,1.22,4.22,-0.5,97.35,5.86,-506.47
1018,1715411334630,1.22,4.22,-0.5,97.35,5.86,-506.4700000000001
1019,1715411334640,1.5835106382978723,3.2577659574468085,-0.414468085106383,84.41010638297873,-1.1258510638297872,-509.15382978723403
1020,1715411334650,1.73,2.87,-0.38,74.4,-6.53,-511.2300000000001
1021,1715411334660,1.73,2.87,-0.38,74.4,-6.53,-511.23
1022,1715411334670,1.73,2.87,-0.38,74.4,-6.529999999999999,-511.23
1023,1715411334680,1.5478343949044586,2.9155414012738854,-0.4073248407643312,213.84089171974526,26.95853503184713,-544.7559872611465
1024,1715411334690,1.53,2.92,-0.41,297.79,47.12,-564.94
1025,1715411334700,1.53,2.92,-0.41,297.79,47.12,-564.94
1026,1715411334710,1.5299999999999998,2.92,-0.41,297.79,47.120000000000005,-564.94
1027,1715411334720,1.7758757062146895,2.6451977401129945,-0.482316384180791,317.97655367231636,7.165649717514123,-562.4212994350282
1028,1715411334730,1.87,2.54,-0.51,330.57,-17.76,-560.85
1029,1715411334740,1.87,2.54,-0.51,330.57,-17.76,-560.85
1030,1715411334750,1.84850622406639,2.5599585062240666,-0.5514522821576764,337.32883817427387,-25.23585062240664,-553.4528215767635
1031,1715411334760,1.73,2.67,-0.78,398.44,-92.83,-486.57
1032,1715411334770,1.7300000000000002,2.67,-0.78,398.44,-92.83,-486.57
1033,1715411334780,1.7168396226415092,2.6612264150943394,-0.7697641509433962,398.44,-92.83,-486.57
1034,1715411334790,1.64,2.61,-0.71,411.8702608695653,-139.0811304347826,-440.44547826086955
1035,1715411334800,1.64,2.61,-0.71,412.2300000000001,-140.32,-439.21
1036,1715411334810,1.64,2.61,-0.71,412.23,-140.32,-439.21
1037,1715411334820,1.59009900990099,2.6474257425742573,-0.7919801980198019,412.23,-140.32,-439.21
1038,1715411334830,1.36,2.82,-1.17,371.90217948717947,-144.20397435897436,-352.49910256410254
1039,1715411334840,1.36,2.82,-1.17,369.14,-144.47,-346.56
1040,1715411334850,1.36,2.82,-1.17,369.14,-144.47,-346.56
1041,1715411334860,1.293079847908745,2.6861596958174903,-1.1950950570342205,348.358783269962,-180.60144486692016,-320.0755133079848
1042,1715411334870,1.2,2.5,-1.23,298.16,-267.88,-256.1
1043,1715411334880,1.2046315789473685,2.493921052631579,-1.2181315789473683,298.16,-267.88,-256.1
1044,1715411334890,1.36,2.29,-0.82,268.45166666666665,-276.53,-272.48333333333335
1045,1715411334900,1.36,2.29,-0.82,262.51,-278.26,-275.76
1046,1715411334910,1.36,2.29,-0.82,262.51,-278.26,-275.76
1047,1715411334920,1.36,2.29,-0.82,262.51,-278.26,-275.76
1048,1715411334930,1.518,2.0661666666666667,-0.5347222222222222,259.26827777777777,-263.6738888888889,-281.98122222222224
1049,1715411334940,1.72,1.78,-0.17,252.62,-233.76,-294.74
1050,1715411334950,1.7200000000000002,1.7799999999999998,-0.17,252.62,-233.76,-294.74
1051,1715411334960,1.7200000000000002,1.7799999999999998,-0.17,252.62,-233.75999999999996,-294.74
1052,1715411334970,,,,,,
1053,1715411334980,,,,,,
1054,1715411334990,3.45,-0.88,2.24,125.79799999999999,-349.2758571428571,-280.60485714285716
1055,1715411335000,3.5929787234042556,-1.1391489361702127,2.589627659574468,123.96,-350.94999999999993,-280.4
1056,1715411335010,4.73,-3.2,5.37,27.74859649122807,-143.67526315789473,-76.38666666666666
1057,1715411335020,4.73,-3.2,5.37,8.91,-103.09,-36.44
1058,1715411335030,4.73,-3.2,5.37,8.91,-103.08999999999999,-36.44
1059,1715411335040,4.73,-3.2000000000000006,5.37,8.91,-103.09,-36.44
1060,1715411335050,4.194864864864865,-2.6745945945945944,4.037027027027027,-165.70283783783782,84.76878378378379,100.85932432432432
1061,1715411335060,4.18,-2.66,4.0,-189.88,110.78,119.87
1062,1715411335070,4.18,-2.66,4.0,-189.88,110.78,119.87
1063,1715411335080,4.0774,-1.9958,3.3682,-199.61,151.079,145.86800000000002
1064,1715411335090,3.8,-0.2,1.66,-245.48,341.06,268.43
1065,1715411335100,3.8,-0.2,1.66,-245.48,341.06,268.43
1066,1715411335110,3.8,-0.2,1.6600000000000001,-245.48000000000002,341.06,268.43
1067,1715411335120,3.704805825242718,0.5744174757281554,1.0219417475728154,-267.39019417475726,344.97,288.4767961165049
1068,1715411335130,3.43,2.8099999999999996,-0.82,-378.23,364.75,389.89
1069,1715411335140,3.43,2.81,-0.82,-378.23,364.75,389.89
1070,1715411335150,3.43,2.81,-0.82,-378.22999999999996,364.75,389.89
1071,1715411335160,2.977333333333333,3.5426666666666664,-1.1840000000000002,-363.55333333333334,366.6230909090909,391.6827272727273
1072,1715411335170,2.46,4.38,-1.6,-235.78,382.92999999999995,407.29
1073,1715411335180,2.46,4.38,-1.6,-235.78,382.93,407.29
1074,1715411335190,2.46,4.38,-1.6000000000000003,-235.78,382.93,407.29
1075,1715411335200,2.1943925233644856,4.260747663551402,-1.215140186915888,-231.0966355140187,380.6522429906542,363.2017757009346
1076,1715411335210,1.9700000000000002,4.16,-0.8899999999999999,-221.86,376.16,276.25
1077,1715411335220,1.97,4.16,-0.89,-221.86,376.16,276.25
1078,1715411335230,1.9700000000000002,4.16,-0.8899999999999999,-221.86,376.16,276.25
1079,1715411335240,1.7673529411764706,3.778088235294118,-0.7575,-395.65588235294115,274.8064705882353,342.05264705882354
1080,1715411335250,1.71,3.67,-0.72,-496.7,215.88,380.31
1081,1715411335260,1.71,3.67,-0.72,-496.7,215.88,380.31
1082,1715411335270,1.71,3.67,-0.7200000000000001,-496.7,215.88,380.31
1083,1715411335280,1.609175257731959,3.1910824742268042,-0.4511340206185567,-463.1643298969072,156.72494845360825,415.47680412371136
1084,1715411335290,1.59,3.1,-0.4,-436.46,109.61999999999999,443.47999999999996
1085,1715411335300,1.59,3.1000000000000005,-0.4,-436.46,109.62,443.48
1086,1715411335310,1.59,3.1,-0.4,-436.46,109.62,443.48
1087,1715411335320,1.8225358851674642,3.3583732057416267,-0.19330143540669856,-382.01043062200955,70.48755980861245,489.40784688995217
1088,1715411335330,1.86,3.4,-0.16,-367.07000000000005,59.75,502.01
1089,1715411335340,1.8599999999999999,3.3999999999999995,-0.16,-367.07,59.75,502.01
1090,1715411335350,1.8129189189189192,3.402108108108108,-0.1585945945945946,-367.07,59.75,502.00999999999993
1091,1715411335360,1.19,3.4299999999999997,-0.14,-292.2964739884393,70.59052023121387,488.28317919075147
1092,1715411335370,1.19,3.43,-0.14,-289.61,70.98,487.79
1093,1715411335380,1.19,3.43,-0.14,-289.61,70.98,487.79
1094,1715411335390,1.0889189189189188,3.6027567567567567,-0.0811891891891892,-301.2883243243243,66.84313513513514,483.11394594594594
1095,1715411335400,0.64,4.37,0.18,-403.32,30.699999999999996,442.26
1096,1715411335410,0.64,4.37,0.18,-403.32,30.699999999999996,442.25999999999993
