id,timestamp,acc_x,acc_y,acc_z,gyro_x,gyro_y,gyro_z
0,2024-05-15 22:11:58.602038,-0.55062366,-0.2762728,0.75441146,-1.0961977,-0.04337143,0.33147076
1,2024-05-15 22:11:58.618189,-0.60944146,-0.24234885,0.8195747,-1.0528263,0.15699236,0.18730655
2,2024-05-15 22:11:58.638357,-1.1141518,-0.0924977,0.9984687,-0.8903361,0.3023783,0.19097175
3,2024-05-15 22:11:58.655940,-1.3713882,-0.0043930304,1.0548459,-0.6588182,0.23151793,0.6851617
4,2024-05-15 22:11:58.667940,-1.7277422,0.12593354,1.0687572,-0.54275376,-0.073303826,1.6020705
5,2024-05-15 22:11:58.678816,-1.7653271,0.15424417,1.0504528,-0.5739079,-0.2321288,1.8610773
6,2024-05-15 22:11:58.690340,-1.909809,0.19719826,1.0087191,-0.8940013,-0.88147855,2.6045003
7,2024-05-15 22:11:58.704891,-2.4250138,0.24332508,1.4319144,-1.0204504,-1.5149459,3.9312997
8,2024-05-15 22:11:58.722154,-2.7703853,0.2716357,2.0308614,-0.29535335,-0.92485,4.814611
9,2024-05-15 22:11:58.738657,-2.939517,0.51718783,2.9624584,3.1401527,1.5632042,6.8451266
10,2024-05-15 22:11:58.755624,-2.8047974,0.5984589,2.472361,5.659361,2.8973339,8.066857
11,2024-05-15 22:11:58.771992,-2.6149209,0.6746047,1.9420246,6.031989,2.95109,8.33686
12,2024-05-15 22:11:58.788675,-2.6149209,0.6746047,1.9420246,6.031989,2.95109,8.33686
13,2024-05-15 22:11:58.805346,-2.6149209,0.6746047,1.9420246,6.031989,2.95109,8.33686
14,2024-05-15 22:11:58.821872,-2.6149209,0.6746047,1.9420246,6.031989,2.95109,8.33686
15,2024-05-15 22:11:58.838523,-2.6149209,0.6746047,1.9420246,6.031989,2.95109,8.33686
16,2024-05-15 22:11:58.855682,-2.6149209,0.6746047,1.9420246,6.031989,2.95109,8.33686
17,2024-05-15 22:11:58.872341,-2.6149209,0.6746047,1.9420246,6.031989,2.95109,8.33686
18,2024-05-15 22:11:58.888802,-2.6149209,0.6746047,1.9420246,6.031989,2.95109,8.33686
19,2024-05-15 22:11:58.904827,-3.089368,0.28749946,1.3308747,-0.4633413,-3.0494392,9.327072
20,2024-05-15 22:11:58.922145,-2.8982713,-0.00024405724,1.2669317,-0.23182335,-2.8301387,9.463295
21,2024-05-15 22:11:58.938615,-2.8187087,-0.30458343,1.1046336,-0.110872045,-2.5919013,9.386937
22,2024-05-15 22:11:58.955558,-2.3164084,-0.69095653,0.5462307,-0.47616947,-3.196047,8.755914
23,2024-05-15 22:11:58.972240,-2.1802244,-0.7280533,0.5023003,-0.47616947,-3.196047,8.755914
24,2024-05-15 22:11:58.988379,-2.1389787,-0.69461745,0.102504045,-0.8151997,-4.5619416,7.452327
25,2024-05-15 22:11:59.004978,-1.7982749,-0.5755175,0.13667206,-0.8219192,-4.732984,7.226307
26,2024-05-15 22:11:59.021846,-1.4707196,-0.42051062,0.1786499,0.18417588,-3.5283577,6.3081765
27,2024-05-15 22:11:59.038398,-1.0655844,-0.35827604,0.08419975,0.895223,-2.7721064,5.5226035
28,2024-05-15 22:11:59.055579,-0.63604367,-0.2633378,-0.071020655,1.2922854,-2.424524,4.5073457
29,2024-05-15 22:11:59.071803,-0.978456,-0.34192422,-0.67728937,1.3142766,-2.5399778,2.9624674
30,2024-05-15 22:11:59.088192,-1.2840157,-0.47762007,-0.9364782,0.95447695,-3.1881058,2.9514718
31,2024-05-15 22:11:59.105343,-1.127575,-0.5401292,-0.78931165,0.7870999,-3.2247577,3.1481705
32,2024-05-15 22:11:59.121699,-0.65215147,-0.7239043,-0.48494175,1.1090258,-2.6535985,3.0492103
33,2024-05-15 22:11:59.138372,-0.43417785,-0.75465554,-0.3443648,1.5506815,-1.8429805,2.7865381
34,2024-05-15 22:11:59.154977,-0.46200037,-1.118789,-0.3590082,2.6703975,-1.5509869,2.488436
35,2024-05-15 22:11:59.171749,-0.5584335,-1.3128144,-0.5628265,3.333797,-1.72264,2.588007
36,2024-05-15 22:11:59.188418,-0.53280747,-1.5205377,-0.8000502,3.333797,-1.72264,2.588007
37,2024-05-15 22:11:59.204845,-0.52426547,-1.552021,-0.83836716,3.8890736,-1.7684549,2.7590492
38,2024-05-15 22:11:59.221826,-0.39781332,-1.87979,-1.2720569,4.2421536,-0.7360926,3.050432
39,2024-05-15 22:11:59.238625,-0.39781332,-1.87979,-1.2720569,4.2421536,-0.7360926,3.050432
40,2024-05-15 22:11:59.254783,1.5534854,-2.5595198,-1.9242083,0.6221663,0.31887165,1.5122733
41,2024-05-15 22:11:59.271742,1.7382368,-2.4765098,-1.6738057,0.37598756,0.40866885,0.99548125
42,2024-05-15 22:11:59.287924,1.935679,-2.3308077,-1.4570522,0.2012801,1.0830641,-0.096134916
43,2024-05-15 22:11:59.305199,2.1257997,-2.1731467,-1.0819362,-0.3998113,1.4740179,-1.2592224
44,2024-05-15 22:11:59.321434,2.12824,-2.08553,-0.70267135,-0.42119157,1.5546521,-2.054569
45,2024-05-15 22:11:59.338066,2.0130453,-2.011825,-0.39244407,-0.09621128,1.6438384,-2.7515662
46,2024-05-15 22:11:59.361102,1.2981709,-1.7296947,-0.31898284,1.0852021,1.8081611,-4.126013
47,2024-05-15 22:11:59.374667,0.9206144,-1.5290797,-0.5037647,1.1774428,1.740966,-4.4723735
48,2024-05-15 22:11:59.391662,0.39634898,-1.2420379,-0.5389089,1.1249083,1.6939293,-4.5731664
49,2024-05-15 22:11:59.405410,0.16864355,-1.0670488,-0.46712556,1.0424415,1.59558,-4.642805
50,2024-05-15 22:11:59.421981,0.16864355,-1.0670488,-0.46712556,1.0424415,1.59558,-4.642805
51,2024-05-15 22:11:59.437897,0.16864355,-1.0670488,-0.46712556,1.0424415,1.59558,-4.642805
52,2024-05-15 22:11:59.454665,0.16864355,-1.0670488,-0.46712556,1.0424415,1.59558,-4.642805
53,2024-05-15 22:11:59.471283,0.16864355,-1.0670488,-0.46712556,1.0424415,1.59558,-4.642805
54,2024-05-15 22:11:59.488585,0.16864355,-1.0670488,-0.46712556,1.0424415,1.59558,-4.642805
55,2024-05-15 22:11:59.505369,0.16864355,-1.0670488,-0.46712556,1.0424415,1.59558,-4.642805
56,2024-05-15 22:11:59.521849,0.16864355,-1.0670488,-0.46712556,1.0424415,1.59558,-4.642805
57,2024-05-15 22:11:59.538461,0.16864355,-1.0670488,-0.46712556,1.0424415,1.59558,-4.642805
58,2024-05-15 22:11:59.554602,0.16864355,-1.0670488,-0.46712556,1.0424415,1.59558,-4.642805
59,2024-05-15 22:11:59.571431,0.16864355,-1.0670488,-0.46712556,1.0424415,1.59558,-4.642805
60,2024-05-15 22:11:59.588681,0.16864355,-1.0670488,-0.46712556,1.0424415,1.59558,-4.642805
61,2024-05-15 22:11:59.608532,-1.3359998,-0.061746486,0.10689708,1.1139128,1.1863003,-6.3300147
62,2024-05-15 22:11:59.621972,-1.2669317,-0.01952458,-0.1718163,0.86590147,0.5907067,-6.4540205
63,2024-05-15 22:11:59.638751,-1.0707097,-0.17791773,-0.5718566,-1.2696834,-1.4196508,-7.6439857
64,2024-05-15 22:11:59.655003,-1.2871884,-0.35315084,-0.07175283,-2.0491474,-1.6157386,-8.301277
65,2024-05-15 22:11:59.671431,-1.3909128,-0.36462155,0.24454537,-2.1175644,-1.2437216,-8.561505
66,2024-05-15 22:11:59.688609,-2.0660055,-0.28920785,-0.22502078,-2.0839667,-0.8393288,-8.838227
67,2024-05-15 22:11:59.705854,-2.486272,-0.3448529,-0.1598575,-3.261715,-1.7269161,-9.0447
68,2024-05-15 22:11:59.721301,-2.8601985,-0.17767367,0.6409248,-3.9495492,-1.8655825,-9.078298
69,2024-05-15 22:11:59.738048,-3.1935806,0.136428,1.5442113,-3.40649,0.93401295,-8.113741
70,2024-05-15 22:11:59.755098,-3.2301893,0.49470404,1.8258532,0.92149025,3.9639046,-5.9598303
71,2024-05-15 22:11:59.771150,-2.7576942,1.2788905,-0.057109397,0.006414085,1.7085901,-5.620189
72,2024-05-15 22:11:59.787859,-2.765016,1.4228842,-0.035144243,-3.4290922,-1.0586295,-5.956776
73,2024-05-15 22:11:59.804539,-3.2233558,1.4180031,0.71096927,-4.1102066,-1.2131784,-5.8370466
74,2024-05-15 22:11:59.821155,-3.7837417,2.1677775,2.349112,-2.4480424,1.2235631,-3.164511
75,2024-05-15 22:11:59.837924,-2.976858,2.5905151,2.0413558,-0.44073927,2.1160371,-1.1339949
76,2024-05-15 22:11:59.854583,-2.6896024,2.5443883,1.7367723,-0.32467487,1.6084082,-0.5585599
77,2024-05-15 22:11:59.871515,-2.1633844,2.319337,1.6418341,-0.6649268,0.10995574,-0.1474476
78,2024-05-15 22:11:59.888623,-2.0791848,2.3010328,1.6550131,-0.90133166,-1.3115277,0.03520111
79,2024-05-15 22:11:59.905354,-2.3681483,2.2361133,1.8985823,-0.7021896,-1.8283197,0.3956116
80,2024-05-15 22:11:59.921516,-2.7750225,2.0650294,2.1079836,0.8549059,-2.107485,1.6900351
81,2024-05-15 22:11:59.938355,-2.8653235,1.7504396,1.6528167,2.3283129,-1.4172074,3.2532392
82,2024-05-15 22:11:59.954503,-2.811631,1.6052256,1.2652233,2.5842655,-1.1881329,3.8555524
83,2024-05-15 22:11:59.971222,-2.5590317,1.3904246,0.4737151,1.8115209,-2.025629,4.440761
84,2024-05-15 22:11:59.987734,-2.4821234,1.3852994,0.17230442,0.3857614,-3.908316,4.273995
85,2024-05-15 22:12:00.004489,-2.602962,1.4414326,0.2169669,-0.29657507,-4.536896,4.1506004
86,2024-05-15 22:12:00.021102,-2.8958306,1.3906687,0.68753976,-0.66553766,-4.533842,4.200691
87,2024-05-15 22:12:00.037870,-2.9236534,0.94502014,1.0692453,0.06872234,-4.0860777,5.52016
88,2024-05-15 22:12:00.054725,-2.9236534,0.94502014,1.0692453,0.06872234,-4.0860777,5.52016
89,2024-05-15 22:12:00.071329,-2.9236534,0.94502014,1.0692453,0.06872234,-4.0860777,5.52016
90,2024-05-15 22:12:00.088094,-2.9236534,0.94502014,1.0692453,0.06872234,-4.0860777,5.52016
91,2024-05-15 22:12:00.104874,-2.9236534,0.94502014,1.0692453,0.06872234,-4.0860777,5.52016
92,2024-05-15 22:12:00.121421,-2.9236534,0.94502014,1.0692453,0.06872234,-4.0860777,5.52016
93,2024-05-15 22:12:00.138114,-2.9236534,0.94502014,1.0692453,0.06872234,-4.0860777,5.52016
94,2024-05-15 22:12:00.154853,-2.9236534,0.94502014,1.0692453,0.06872234,-4.0860777,5.52016
95,2024-05-15 22:12:00.171636,-2.9236534,0.94502014,1.0692453,0.06872234,-4.0860777,5.52016
96,2024-05-15 22:12:00.188470,-1.2862122,-0.038561042,0.24576566,0.88239485,-2.5919013,5.3869915
97,2024-05-15 22:12:00.204822,-1.2398413,-0.04002539,0.13569583,0.46822822,-2.6138923,5.2257233
98,2024-05-15 22:12:00.221255,-1.1302596,-0.110557936,0.1696198,0.11759156,-2.7769935,4.9166255
99,2024-05-15 22:12:00.237821,-1.0116477,-0.20525214,0.26480213,0.34666604,-2.6505444,4.454811
100,2024-05-15 22:12:00.254530,-0.97674763,-0.2518671,0.25162303,0.54641896,-2.5638015,4.2544475
101,2024-05-15 22:12:00.271206,-0.8757079,-0.31312546,0.25089085,1.0198395,-2.3335052,4.036979
102,2024-05-15 22:12:00.287405,-0.77954936,-0.47542354,0.05344854,1.5213599,-2.2968533,3.9642863
103,2024-05-15 22:12:00.304304,-0.6475144,-0.54305786,-0.028066583,1.7498235,-2.2534819,3.9306889
104,2024-05-15 22:12:00.321238,-0.5401292,-0.6235968,-0.10152781,2.223855,-1.9315559,3.8189003
105,2024-05-15 22:12:00.336419,-0.12690976,-0.863505,-0.21769907,2.8389962,-1.2284501,3.5372915
106,2024-05-15 22:12:00.354517,-0.09030118,-1.0084751,-0.33069757,3.0607402,-1.03786,3.476205
107,2024-05-15 22:12:00.371189,0.059549972,-1.306225,-0.7341547,3.360675,-1.3377949,3.7315466
108,2024-05-15 22:12:00.387854,0.5206046,-1.5180972,-1.2327636,3.0185907,-0.9266826,3.652745
109,2024-05-15 22:12:00.404489,0.6477585,-1.6652637,-1.4145863,2.636189,-0.7648033,3.4859788
110,2024-05-15 22:12:00.421138,0.8329979,-2.025004,-1.590094,2.0766363,-0.97127575,3.2959998
111,2024-05-15 22:12:00.437816,1.2713248,-2.3483799,-1.7663033,1.8194622,-0.8393288,3.0602057
112,2024-05-15 22:12:00.455588,1.5727658,-2.5592759,-1.8680753,0.91965765,0.00061086525,3.0235538
113,2024-05-15 22:12:00.471142,1.7335995,-2.6861856,-1.7184682,0.6160576,0.33841935,2.909322
114,2024-05-15 22:12:00.488389,2.1980405,-2.7066865,-1.2205608,0.636827,1.2339478,1.948431
115,2024-05-15 22:12:00.504557,2.26418,-2.6808164,-1.1136637,0.7528914,1.4001031,1.6320028
116,2024-05-15 22:12:00.521129,2.4660153,-2.4440503,-0.8698506,1.3179418,1.6114625,-0.21891883
117,2024-05-15 22:12:00.537598,2.310795,-2.1502054,-0.77173954,1.312444,1.3451253,-1.9336176
118,2024-05-15 22:12:00.554470,2.118234,-1.9942529,-0.6750929,1.2617421,1.1655309,-2.675208
119,2024-05-15 22:12:00.571469,1.5459197,-1.7067534,-0.39464056,1.5995506,1.0592403,-3.7625482
120,2024-05-15 22:12:00.587285,0.99358755,-1.4411886,-0.49006698,2.2208006,1.5650368,-4.1919866
121,2024-05-15 22:12:00.602973,0.8010264,-1.3137907,-0.6077331,2.2989914,1.7916678,-4.2561274
122,2024-05-15 22:12:00.620645,0.6240849,-1.2103103,-0.6728963,2.2153027,1.9999728,-4.30744
123,2024-05-15 22:12:00.637499,0.17889395,-0.90182203,-0.54086137,1.887879,2.0134118,-4.3947935
124,2024-05-15 22:12:00.654156,0.06931226,-0.8073719,-0.4829893,1.8506162,1.9785925,-4.4180064
125,2024-05-15 22:12:00.671077,-0.19207305,-0.67728937,-0.40293851,1.8872682,1.9877555,-4.320268
126,2024-05-15 22:12:00.687720,-0.23868799,-0.63701993,-0.39195594,1.88849,2.0018053,-4.234136
127,2024-05-15 22:12:00.704375,-0.23868799,-0.63701993,-0.39195594,1.88849,2.0018053,-4.234136
128,2024-05-15 22:12:00.721037,-0.23868799,-0.63701993,-0.39195594,1.88849,2.0018053,-4.234136
129,2024-05-15 22:12:00.737703,-0.23868799,-0.63701993,-0.39195594,1.88849,2.0018053,-4.234136
130,2024-05-15 22:12:00.754400,-0.23868799,-0.63701993,-0.39195594,1.88849,2.0018053,-4.234136
131,2024-05-15 22:12:00.771049,-0.23868799,-0.63701993,-0.39195594,1.88849,2.0018053,-4.234136
132,2024-05-15 22:12:00.787713,-0.23868799,-0.63701993,-0.39195594,1.88849,2.0018053,-4.234136
133,2024-05-15 22:12:00.804340,-0.23868799,-0.63701993,-0.39195594,1.88849,2.0018053,-4.234136
134,2024-05-15 22:12:00.821114,-0.23868799,-0.63701993,-0.39195594,1.88849,2.0018053,-4.234136
135,2024-05-15 22:12:00.837661,-0.23868799,-0.63701993,-0.39195594,1.88849,2.0018053,-4.234136
136,2024-05-15 22:12:00.854740,-1.2327636,-0.31190515,-0.20183535,3.0857859,-0.46975538,-6.161416
137,2024-05-15 22:12:00.871026,-1.4097052,-0.107873306,-0.6848551,2.6734517,-0.95478237,-6.4320292
138,2024-05-15 22:12:00.887669,-1.7753334,-0.18377511,-0.67118794,1.3252722,-1.7947221,-6.8425307
139,2024-05-15 22:12:00.904350,-1.8790578,-0.2020794,-0.35998443,1.067487,-1.754405,-6.844974
140,2024-05-15 22:12:00.921008,-1.9844904,-0.1769415,0.03807293,1.6820174,-0.9859365,-6.851083
141,2024-05-15 22:12:00.937632,-2.079917,0.19036464,-0.17523311,2.6716192,-0.36163223,-6.899341
142,2024-05-15 22:12:00.953840,-2.1521578,0.2711476,-0.30238694,2.7681358,-0.31703907,-6.8846803
143,2024-05-15 22:12:00.970955,-2.4255018,0.49128726,-0.8044432,2.3429737,-0.5900958,-6.5261025
144,2024-05-15 22:12:00.987675,-2.318849,0.4795725,-1.0860853,0.5366451,-1.5693128,-6.4448576
145,2024-05-15 22:12:01.004109,-2.3015208,0.43881494,-0.9987128,-0.1255328,-1.7568485,-6.5926867
146,2024-05-15 22:12:01.020942,-2.555859,0.69534963,0.13569583,-0.6985244,-0.91751957,-6.547483
147,2024-05-15 22:12:01.037117,-2.6122363,0.8181104,0.34168017,-0.34483343,-0.7049385,-6.4320292
148,2024-05-15 22:12:01.054868,-2.9163318,1.1222057,0.0622346,0.5317582,-0.9816604,-5.9244003
149,2024-05-15 22:12:01.071045,-2.9038846,1.5486042,-0.45321432,-0.44440445,-1.953547,-5.32392
150,2024-05-15 22:12:01.088114,-3.0046802,2.059416,0.05735345,-1.0070114,-1.5045611,-4.4137306
151,2024-05-15 22:12:01.104022,-3.0190797,2.3373973,0.21989559,-0.84574294,-1.110553,-4.00384
152,2024-05-15 22:12:01.120937,-2.8950987,2.819929,0.3133695,-0.21288654,-0.33414328,-2.2414937
153,2024-05-15 22:12:01.138511,-2.696436,2.9419577,0.26675457,-0.28680122,-0.6585127,-1.3520739
154,2024-05-15 22:12:01.154317,-2.700829,3.011514,0.3487578,-0.41141775,-0.7519751,-0.90919656
155,2024-05-15 22:12:01.170918,-3.2797327,3.2533746,0.55062366,-0.29718593,-0.9462303,0.4084398
156,2024-05-15 22:12:01.188046,-3.5138142,3.2116408,0.6077331,0.14202617,-1.1985176,2.2275965
157,2024-05-15 22:12:01.204075,-3.4754667,3.0613017,0.55037963,0.3839288,-1.1661417,2.9484174
158,2024-05-15 22:12:01.220925,-3.1762526,2.421597,0.17279254,0.7021896,-1.0958922,4.6893835
159,2024-05-15 22:12:01.237052,-2.940005,2.1846173,0.01586372,0.2574797,-1.4972308,5.4505215
160,2024-05-15 22:12:01.254088,-2.696192,1.9400722,-0.108117364,0.03940081,-1.641395,5.524436
161,2024-05-15 22:12:01.270892,-2.765016,1.6623349,-0.24186075,-0.98868537,-2.3976462,5.451743
162,2024-05-15 22:12:01.287239,-3.467901,1.281087,-0.0024405725,-2.182927,-2.6731462,5.2831445
163,2024-05-15 22:12:01.304219,-3.6636655,1.1859046,0.08639627,-2.4877486,-2.7324002,5.3375115
164,2024-05-15 22:12:01.320846,-4.0439067,0.75734013,0.74538136,-2.9153545,-3.2705724,6.005798
165,2024-05-15 22:12:01.337502,-4.0439067,0.75734013,0.74538136,-2.9153545,-3.2705724,6.005798
166,2024-05-15 22:12:01.354172,-4.0439067,0.75734013,0.74538136,-2.9153545,-3.2705724,6.005798
167,2024-05-15 22:12:01.370829,-4.0439067,0.75734013,0.74538136,-2.9153545,-3.2705724,6.005798
168,2024-05-15 22:12:01.387494,-4.0439067,0.75734013,0.74538136,-2.9153545,-3.2705724,6.005798
169,2024-05-15 22:12:01.404155,-4.0439067,0.75734013,0.74538136,-2.9153545,-3.2705724,6.005798
170,2024-05-15 22:12:01.420814,-4.0439067,0.75734013,0.74538136,-2.9153545,-3.2705724,6.005798
171,2024-05-15 22:12:01.437477,-4.0439067,0.75734013,0.74538136,-2.9153545,-3.2705724,6.005798
172,2024-05-15 22:12:01.454146,-4.0439067,0.75734013,0.74538136,-2.9153545,-3.2705724,6.005798
173,2024-05-15 22:12:01.470795,-4.0439067,0.75734013,0.74538136,-2.9153545,-3.2705724,6.005798
174,2024-05-15 22:12:01.485903,-2.9217007,-0.906215,-0.4334457,0.68019843,-4.936402,7.4230056
175,2024-05-15 22:12:01.503794,-1.2478952,-1.0524054,-1.0841328,1.131017,-3.3933563,6.436458
176,2024-05-15 22:12:01.521620,-0.5984589,-1.047036,-0.7851626,1.5873333,-2.1423044,6.1450753
177,2024-05-15 22:12:01.537497,-0.43124917,-1.0487446,-0.82030696,1.8023579,-1.5485435,5.768782
178,2024-05-15 22:12:01.554927,-0.3807293,-1.0136002,-0.81615794,1.9654589,-1.1129965,5.3191853
179,2024-05-15 22:12:01.570646,-0.3699908,-0.91744167,-1.5012572,1.5445728,-1.138042,5.0846133
180,2024-05-15 22:12:01.587175,-0.26114124,-0.9647888,-1.517853,0.3930918,-1.0537425,4.592256
181,2024-05-15 22:12:01.604414,-0.22258021,-1.0768111,-1.2691282,0.55741453,-1.1667526,4.3955574
182,2024-05-15 22:12:01.620768,-0.07004443,-1.534937,-0.7768647,1.2366967,-0.82711154,4.382118
183,2024-05-15 22:12:01.637286,0.19622204,-1.9796093,-1.0377619,2.2385156,0.004886922,4.4261003
184,2024-05-15 22:12:01.653922,0.40781966,-2.203898,-1.238133,2.1529946,0.18325958,4.547052
185,2024-05-15 22:12:01.670747,1.1859046,-2.650065,-1.362114,1.2098186,0.51007247,4.4651957
186,2024-05-15 22:12:01.687861,1.7638626,-2.7420747,-1.0233626,0.11209377,0.589485,3.0724232
187,2024-05-15 22:12:01.703591,1.7619102,-2.735485,-0.85593927,-0.094989546,0.24251351,2.352213
188,2024-05-15 22:12:01.721611,1.8905284,-2.6551905,-0.5745413,-0.2507602,-0.22052236,1.3265703
189,2024-05-15 22:12:01.737303,2.3049376,-2.459914,-0.073461235,0.38087448,0.3622431,0.25633433
190,2024-05-15 22:12:01.754044,2.3049376,-2.459914,-0.073461235,0.38087448,0.3622431,0.25633433
191,2024-05-15 22:12:01.771011,1.9800974,-2.2217143,-0.19597797,2.1426098,0.58093286,-1.9177351
192,2024-05-15 22:12:01.787091,1.3645545,-1.9966934,-0.53451586,2.7553077,0.5516113,-3.0588315
193,2024-05-15 22:12:01.803967,0.8437364,-1.7682558,-0.7431848,2.7620273,0.8142834,-3.44612
194,2024-05-15 22:12:01.820568,0.44906533,-1.5039418,-0.7971215,2.5763242,1.105666,-3.5059848
195,2024-05-15 22:12:01.837120,0.057109397,-1.0997524,-0.5926015,2.459038,1.6426166,-3.3801465
196,2024-05-15 22:12:01.853834,0.057109397,-1.0997524,-0.5926015,2.459038,1.6426166,-3.3801465
197,2024-05-15 22:12:01.870683,-0.35754386,-0.61066175,-0.573565,2.2360723,1.3457361,-3.073492
198,2024-05-15 22:12:01.887294,-0.5472069,-0.3802412,-0.34656128,1.7986927,0.883922,-2.7851636
199,2024-05-15 22:12:01.903996,-0.5472069,-0.3802412,-0.34656128,1.7986927,0.883922,-2.7851636
200,2024-05-15 22:12:01.920645,-0.38878322,-0.36779428,-0.14106509,2.0039434,1.2009611,-2.5133288
201,2024-05-15 22:12:01.936921,-0.27310005,-0.3619369,-0.114462845,2.2049181,1.4312572,-2.7405705
202,2024-05-15 22:12:01.954306,-0.18353106,-0.36096066,-0.02831064,2.2941043,1.2394456,-2.9311604
203,2024-05-15 22:12:01.970645,-0.11226633,-0.36340126,0.016351834,2.4761422,1.0659598,-3.2109368
204,2024-05-15 22:12:01.987315,-0.11226633,-0.36340126,0.016351834,2.4761422,1.0659598,-3.2109368
205,2024-05-15 22:12:02.003967,-0.11226633,-0.36340126,0.016351834,2.4761422,1.0659598,-3.2109368
206,2024-05-15 22:12:02.020626,-0.11226633,-0.36340126,0.016351834,2.4761422,1.0659598,-3.2109368
207,2024-05-15 22:12:02.037283,-0.11226633,-0.36340126,0.016351834,2.4761422,1.0659598,-3.2109368
208,2024-05-15 22:12:02.053962,-0.11226633,-0.36340126,0.016351834,2.4761422,1.0659598,-3.2109368
209,2024-05-15 22:12:02.070631,-0.11226633,-0.36340126,0.016351834,2.4761422,1.0659598,-3.2109368
210,2024-05-15 22:12:02.088874,-0.19500175,-0.69681394,-0.31995904,3.1450398,-0.45204028,-6.1907372
211,2024-05-15 22:12:02.104958,-0.6070009,-0.7424526,-0.79150814,2.3215933,-1.5216653,-8.167498
212,2024-05-15 22:12:02.120798,-1.4741364,-0.8469091,-0.63897234,-0.8341365,-2.6645942,-10.2731495
213,2024-05-15 22:12:02.136654,-2.2441673,-0.71389794,-0.54915935,-1.7308867,-2.303573,-11.222434
214,2024-05-15 22:12:02.153672,-2.2441673,-0.71389794,-0.54915935,-1.8060231,-1.8429805,-11.29696
215,2024-05-15 22:12:02.170797,-3.9401824,0.42270714,0.012690976,0.10048734,0.8570439,-9.297598
216,2024-05-15 22:12:02.187427,-3.934569,0.73147005,-0.42392743,-0.11453723,0.58093286,-8.872436
217,2024-05-15 22:12:02.204103,-3.8464642,1.0309283,-0.8761961,-0.11453723,0.58093286,-8.872436
218,2024-05-15 22:12:02.220051,-3.947748,0.9735749,-0.9603958,-4.5365906,-1.885741,-8.447273
219,2024-05-15 22:12:02.240000,-4.0846643,1.4421648,2.2097552,-3.3405166,1.8613064,-6.2585435
220,2024-05-15 22:12:02.254078,-3.7210188,2.0994415,1.6867406,0.1957823,2.5320365,-4.006894
221,2024-05-15 22:12:02.270871,-3.567263,2.2270834,1.2125069,0.27275133,1.5980235,-3.445509
222,2024-05-15 22:12:02.286637,-2.5026546,2.498475,0.79248434,-1.176221,-0.96761054,-2.661769
223,2024-05-15 22:12:02.303515,-2.0730834,2.5531745,1.0258032,-1.9483547,-1.564426,-2.6177866
224,2024-05-15 22:12:02.322168,-2.2505128,2.714008,1.7597138,-1.6105462,-0.9615019,-2.1681898
225,2024-05-15 22:12:02.337876,-2.9224331,3.0044363,1.6723412,0.28680122,0.111177474,-0.45593455
226,2024-05-15 22:12:02.355220,-3.0400686,3.0215204,1.2967067,0.43096542,-0.3005457,0.34185547
227,2024-05-15 22:12:02.370775,-3.0451937,2.9617262,1.0480123,0.122478485,-0.9767735,0.9893726
228,2024-05-15 22:12:02.387955,-2.8684962,2.799184,1.2413056,-0.11026118,-2.0152445,2.193388
229,2024-05-15 22:12:02.403988,-2.9639227,2.5402393,1.2154356,0.44257188,-2.1587977,2.97835
230,2024-05-15 22:12:02.417322,-3.003216,2.3520408,0.9816288,0.7296785,-2.3115141,3.5647805
231,2024-05-15 22:12:02.438721,-3.0007753,1.9613051,0.5537964,0.82558435,-2.4514022,4.5452194
232,2024-05-15 22:12:02.453419,-2.9446423,1.6188927,0.26114124,0.70341134,-2.485,4.777959
233,2024-05-15 22:12:02.469375,-3.0076091,1.3694357,0.26211748,-0.14752395,-3.0641,5.474956
234,2024-05-15 22:12:02.484603,-3.1020591,1.1734577,0.29140437,-0.3839288,-3.3334916,5.8139863
235,2024-05-15 22:12:02.504531,-3.2138374,0.8637491,0.47103047,-0.47800204,-3.5546248,6.349715
236,2024-05-15 22:12:02.520886,-3.1557517,0.50864583,0.49519217,-0.2648101,-3.6871827,6.820081
237,2024-05-15 22:12:02.536750,-3.067647,0.25870067,0.3973252,-0.2012801,-3.8111882,6.9880695
238,2024-05-15 22:12:02.554780,-2.905837,-0.07614586,0.20842488,-0.441961,-3.9962804,7.189655
239,2024-05-15 22:12:02.570281,-2.7030256,-0.22184804,0.19841854,-0.6435465,-4.0952406,7.301443
240,2024-05-15 22:12:02.584495,-2.4572294,-0.49543622,0.32532832,-0.6588182,-4.258342,7.2647915
241,2024-05-15 22:12:02.603866,-2.0525825,-0.65288365,0.30287504,-0.013744468,-4.4452662,7.1371202
242,2024-05-15 22:12:02.620474,-2.0525825,-0.65288365,0.30287504,-0.013744468,-4.4452662,7.1371202
243,2024-05-15 22:12:02.637721,-2.0525825,-0.65288365,0.30287504,-0.013744468,-4.4452662,7.1371202
244,2024-05-15 22:12:02.653575,-2.0525825,-0.65288365,0.30287504,-0.013744468,-4.4452662,7.1371202
245,2024-05-15 22:12:02.671524,-2.0525825,-0.65288365,0.30287504,-0.013744468,-4.4452662,7.1371202
246,2024-05-15 22:12:02.686719,-2.0525825,-0.65288365,0.30287504,-0.013744468,-4.4452662,7.1371202
247,2024-05-15 22:12:02.698240,-2.0525825,-0.65288365,0.30287504,-0.013744468,-4.4452662,7.1371202
248,2024-05-15 22:12:02.721248,-2.0525825,-0.65288365,0.30287504,-0.013744468,-4.4452662,7.1371202
249,2024-05-15 22:12:02.736876,-2.0525825,-0.65288365,0.30287504,-0.013744468,-4.4452662,7.1371202
250,2024-05-15 22:12:02.753950,-0.33582276,-0.79663336,-1.153445,2.745534,-0.2742785,4.4768023
251,2024-05-15 22:12:02.770354,-0.22648512,-0.8146936,-1.2703484,2.741258,-0.18753563,4.4890194
252,2024-05-15 22:12:02.787468,0.54208165,-0.95575863,-1.4111695,1.2605205,-0.0030543262,4.250171
253,2024-05-15 22:12:02.803703,0.7165826,-1.0096953,-1.2549728,0.2874121,-0.71593404,3.5244634
254,2024-05-15 22:12:02.821681,0.8905954,-1.1234261,-1.0492326,-0.1591304,-1.2620476,2.8433487
255,2024-05-15 22:12:02.837051,0.85813576,-1.2779143,-0.7600248,-0.22999077,-1.3652838,2.6435957
256,2024-05-15 22:12:02.853559,0.83373004,-1.4670587,-0.43149322,0.51159966,-1.3756685,2.2049944
257,2024-05-15 22:12:02.869880,0.8542308,-1.5935107,-0.33435842,1.2513574,-1.0714576,2.0718257
258,2024-05-15 22:12:02.886985,0.83641475,-1.7616662,-0.5054731,2.1163425,-0.23884831,2.0156262
259,2024-05-15 22:12:02.903185,0.9603958,-1.9085886,-0.72024345,1.8964312,-0.1777618,2.3265567
260,2024-05-15 22:12:02.920421,1.3572329,-2.0003543,-0.5437901,1.7015651,0.3933972,2.080989
261,2024-05-15 22:12:02.937741,1.526151,-1.9722877,-0.37194324,2.0350976,0.8753699,1.4108696
262,2024-05-15 22:12:02.953632,1.6386615,-1.9290894,-0.33948365,2.341141,0.8912524,0.71142894
263,2024-05-15 22:12:02.970163,1.8151147,-1.9112732,-0.36706212,2.486527,0.1423316,-0.48403436
264,2024-05-15 22:12:02.988381,1.8949214,-1.9185951,-0.47054234,2.105958,-1.0317514,-1.895744
265,2024-05-15 22:12:03.003598,1.633048,-1.8492827,-0.6748488,1.4132367,-2.003638,-2.9635363
266,2024-05-15 22:12:03.020723,1.2049412,-1.6381732,-0.73830366,0.77671516,-2.6450465,-3.4675002
267,2024-05-15 22:12:03.037350,0.92232287,-1.4785293,-0.47932845,-0.18906279,-3.1972687,-4.1180716
268,2024-05-15 22:12:03.053614,0.7553877,-1.340637,-0.2979939,-0.0076358155,-2.4929411,-4.433278
269,2024-05-15 22:12:03.070265,0.46736962,-1.166136,-0.19988288,1.0509937,-0.35613444,-4.5090256
270,2024-05-15 22:12:03.086927,0.36901456,-1.0982882,-0.2979939,1.602605,0.784351,-4.4375544
271,2024-05-15 22:12:03.103572,0.3441207,-0.9535622,-0.45687518,2.2036965,2.0879374,-4.4436626
272,2024-05-15 22:12:03.120240,0.18548352,-0.91109616,-0.6314066,2.1768184,2.2247713,-4.5218534
273,2024-05-15 22:12:03.137013,0.088104665,-0.87180305,-0.62823385,1.4895949,1.6646078,-4.6849546
274,2024-05-15 22:12:03.153577,0.026358182,-0.8771723,-0.4803047,0.6227771,1.1893547,-4.8847075
275,2024-05-15 22:12:03.170238,-0.06321083,-0.9467286,-0.23917611,0.2507602,0.7690793,-5.4063864
276,2024-05-15 22:12:03.186906,-0.17596528,-0.9547824,-0.23600335,0.14202617,0.4428773,-5.6971583
277,2024-05-15 22:12:03.203557,-0.28798756,-0.9542943,-0.2506468,-0.043066,0.27122417,-6.106438
278,2024-05-15 22:12:03.220230,-0.44516042,-0.99798054,-0.36144876,-0.39675698,0.77396625,-6.6708775
279,2024-05-15 22:12:03.236907,-0.5750294,-1.0567983,-0.3904916,-0.6203337,0.9034697,-6.945767
280,2024-05-15 22:12:03.253547,-0.6787537,-1.1114672,-0.43417785,-0.8671232,0.79412484,-7.2285976
281,2024-05-15 22:12:03.270217,-0.6787537,-1.1114672,-0.43417785,-0.8671232,0.79412484,-7.2285976
282,2024-05-15 22:12:03.286867,-0.6787537,-1.1114672,-0.43417785,-0.8671232,0.79412484,-7.2285976
283,2024-05-15 22:12:03.303544,-0.6787537,-1.1114672,-0.43417785,-0.8671232,0.79412484,-7.2285976
284,2024-05-15 22:12:03.320185,-0.6787537,-1.1114672,-0.43417785,-0.8671232,0.79412484,-7.2285976
285,2024-05-15 22:12:03.336359,-0.6787537,-1.1114672,-0.43417785,-0.8671232,0.79412484,-7.2285976
286,2024-05-15 22:12:03.353512,-2.7618434,-1.1036574,0.50840175,-1.4602734,1.9578232,-8.406345
287,2024-05-15 22:12:03.370171,-2.7618434,-1.1036574,0.50840175,-1.4602734,1.9578232,-8.406345
288,2024-05-15 22:12:03.386811,-2.7618434,-1.1036574,0.50840175,-1.4602734,1.9578232,-8.406345
289,2024-05-15 22:12:03.403073,-4.1403093,0.3121492,0.48054874,-2.785851,0.08735373,-6.936604
290,2024-05-15 22:12:03.420144,-3.8103437,0.80371106,1.165892,-1.488984,1.4660766,-5.154099
291,2024-05-15 22:12:03.436798,-3.3851657,1.050941,1.0953594,-0.77732605,1.6853772,-4.4858127
292,2024-05-15 22:12:03.453279,-2.6825247,1.2327636,0.5115745,-0.7974846,1.2321151,-3.9824595
293,2024-05-15 22:12:03.469897,-2.5248637,1.3970143,0.58723223,-2.0723603,0.19608775,-4.0557632
294,2024-05-15 22:12:03.486789,-2.594664,1.607178,0.9852896,-2.4926357,-0.4196644,-3.8077521
295,2024-05-15 22:12:03.503461,-2.7767308,1.7982749,1.6152319,-1.7217237,0.07513642,-2.9305496
296,2024-05-15 22:12:03.520119,-2.7655041,1.8680753,1.5483602,-0.28680122,1.0219775,-1.5915331
297,2024-05-15 22:12:03.536784,-2.6429875,1.8622179,1.3372202,0.0070249503,0.95356065,-1.0869583
298,2024-05-15 22:12:03.553374,-2.4506397,1.9896158,1.0477682,-0.34422258,0.14477506,-0.8224537
299,2024-05-15 22:12:03.569579,-2.5980809,2.1328773,1.4841427,-0.6881397,-1.1667526,-0.2476295
300,2024-05-15 22:12:03.586759,-2.6415231,2.1489851,1.6281669,-0.31245756,-1.3219124,0.17142406
301,2024-05-15 22:12:03.603405,-2.7913742,2.0147536,1.4446054,0.7663304,-1.1795808,1.4004849
302,2024-05-15 22:12:03.621099,-2.7672126,1.8236568,1.0194577,0.8206975,-1.4953982,2.4475079
303,2024-05-15 22:12:03.636793,-2.695948,1.7626424,1.0021296,0.73945236,-1.7153096,2.7132344
304,2024-05-15 22:12:03.653329,-2.521447,1.5766708,0.9806526,0.7113526,-2.044566,3.0027845
305,2024-05-15 22:12:03.670067,-2.6598275,1.3284341,0.78198993,0.9972375,-2.9303205,3.6820667
306,2024-05-15 22:12:03.686732,-2.7503726,1.1922501,0.6538599,1.0308352,-3.114802,4.0009384
307,2024-05-15 22:12:03.703394,-2.665685,1.0006652,0.5511118,1.1737776,-3.0079005,4.7132072
308,2024-05-15 22:12:03.720058,-2.4440503,0.9435558,0.32996538,1.162782,-2.7721064,5.0754504
309,2024-05-15 22:12:03.736741,-2.4308712,0.9201263,0.25528386,1.0870347,-2.8215866,5.122487
310,2024-05-15 22:12:03.753398,-2.4838316,0.6765572,0.17791773,0.42119157,-3.2125404,5.2544336
311,2024-05-15 22:12:03.770030,-2.572943,0.5025444,0.2801777,0.2452624,-3.4660494,5.4242544
312,2024-05-15 22:12:03.787047,-2.6471364,0.29994637,0.34973404,0.4260785,-3.454443,5.7736692
313,2024-05-15 22:12:03.803370,-2.6310287,0.23942018,0.35583547,0.5335908,-3.3872478,5.8854575
314,2024-05-15 22:12:03.819784,-2.3813276,0.028798755,0.16473864,0.8750645,-3.1429017,6.295348
315,2024-05-15 22:12:03.836153,-2.3178728,0.010738519,0.12666571,0.8695667,-3.1490104,6.316118
316,2024-05-15 22:12:03.853942,-1.8973621,-0.18572757,-0.010494461,0.7699956,-3.173445,6.2984023
317,2024-05-15 22:12:03.870606,-1.5420147,-0.24869433,-0.013667206,0.76144356,-2.7275133,6.2489223
318,2024-05-15 22:12:03.886562,-1.4148303,-0.29482117,-0.048323333,0.75655663,-2.5955665,6.2018857
319,2024-05-15 22:12:03.903318,-1.4148303,-0.29482117,-0.048323333,0.75655663,-2.5955665,6.2018857
320,2024-05-15 22:12:03.919963,-1.4148303,-0.29482117,-0.048323333,0.75655663,-2.5955665,6.2018857
321,2024-05-15 22:12:03.936638,-1.4148303,-0.29482117,-0.048323333,0.75655663,-2.5955665,6.2018857
322,2024-05-15 22:12:03.953294,-1.4148303,-0.29482117,-0.048323333,0.75655663,-2.5955665,6.2018857
323,2024-05-15 22:12:03.969964,-1.4148303,-0.29482117,-0.048323333,0.75655663,-2.5955665,6.2018857
324,2024-05-15 22:12:03.986671,-0.49446,-0.33020946,-0.33655494,-0.07788532,-2.1746802,3.9196932
325,2024-05-15 22:12:04.002954,-0.49446,-0.33020946,-0.33655494,-0.07788532,-2.1746802,3.9196932
326,2024-05-15 22:12:04.013835,-0.49446,-0.33020946,-0.33655494,-0.07788532,-2.1746802,3.9196932
327,2024-05-15 22:12:04.035931,-0.17938207,-0.5269501,-0.2894519,1.5543466,-1.5210545,3.7187185
328,2024-05-15 22:12:04.053296,0.082735404,-0.68778384,-0.47810817,2.000889,-1.1685852,3.608152
329,2024-05-15 22:12:04.070528,0.21379416,-0.88156533,-0.7151182,2.0308216,-0.7635816,3.62098
330,2024-05-15 22:12:04.086440,0.34265637,-0.9967603,-0.7553877,2.0778582,-0.5925393,3.4071772
331,2024-05-15 22:12:04.103242,0.94502014,-1.1588143,-0.5664874,2.1700988,-0.5174029,3.1438944
332,2024-05-15 22:12:04.119907,1.2154356,-1.3093976,-0.41904628,2.3790147,-0.92179567,1.9728657
333,2024-05-15 22:12:04.136194,0.957223,-1.3889602,-0.59919107,2.0350976,-1.0189233,1.7932713
334,2024-05-15 22:12:04.153219,0.94819295,-1.4446054,-0.62091213,1.806634,-0.9450085,1.8690186
335,2024-05-15 22:12:04.169910,1.0179932,-1.7450703,-0.3990336,1.9129245,-0.3885103,2.338774
336,2024-05-15 22:12:04.186378,1.4865832,-1.9788772,-0.65215147,2.3215933,0.31887165,2.5855634
337,2024-05-15 22:12:04.203243,1.9427568,-2.0826013,-0.88888705,2.1450534,0.9095783,2.311285
338,2024-05-15 22:12:04.219511,2.2917585,-2.0908995,-0.8766842,1.5726726,1.0494665,1.3400093
339,2024-05-15 22:12:04.235997,2.2290359,-1.98205,-0.7783291,1.2592987,0.79901177,-0.05459608
340,2024-05-15 22:12:04.254263,2.1606998,-1.9081006,-0.78028154,1.1963795,0.7666359,-0.46082148
341,2024-05-15 22:12:04.269875,1.9071244,-1.7238374,-0.78345424,1.0070114,0.9761627,-1.4094952
342,2024-05-15 22:12:04.286234,1.8212161,-1.6684363,-0.7688108,1.0070114,0.9761627,-1.4094952
343,2024-05-15 22:12:04.303176,1.6140115,-1.5539736,-0.72976166,0.8762862,1.210124,-2.1578052
344,2024-05-15 22:12:04.319846,1.2315434,-1.3357558,-0.6206681,0.54275376,1.400714,-3.1938326
345,2024-05-15 22:12:04.337148,0.88278556,-1.1495401,-0.4502856,0.20005837,1.3628404,-3.727118
346,2024-05-15 22:12:04.353180,0.7343987,-1.0758349,-0.39073566,0.0888809,1.3445144,-3.8187478
347,2024-05-15 22:12:04.370434,0.48542988,-0.95014536,-0.23161033,-0.2770274,1.2528846,-3.894495
348,2024-05-15 22:12:04.386311,0.33362624,-0.91744167,0.11690342,-0.17379116,1.3274102,-3.9830704
349,2024-05-15 22:12:04.403118,0.25821257,-0.93574595,0.30360723,0.24037547,1.5552629,-4.0924153
350,2024-05-15 22:12:04.419858,-0.088104665,-0.87229115,0.37413976,1.3350459,1.8344283,-4.096081
351,2024-05-15 22:12:04.436114,-0.14570218,-0.8288489,0.11543907,2.1517727,1.8521434,-4.0368266
352,2024-05-15 22:12:04.453149,-0.2962855,-0.8117649,-0.123004854,2.2342396,1.6676621,-4.1596107
353,2024-05-15 22:12:04.469580,-0.46444094,-0.7675905,-0.38927132,1.7901406,0.9279043,-4.4045677
354,2024-05-15 22:12:04.487072,-0.5228011,-0.735619,-0.25601605,1.284955,0.06536258,-5.058804
355,2024-05-15 22:12:04.520020,-0.9816288,-0.71389794,-0.27017137,1.7675385,-0.24556783,-6.36911
356,2024-05-15 22:12:04.535649,-0.9816288,-0.71389794,-0.27017137,1.7675385,-0.24556783,-6.36911
357,2024-05-15 22:12:04.553467,-0.9816288,-0.71389794,-0.27017137,1.7675385,-0.24556783,-6.36911
358,2024-05-15 22:12:04.569179,-0.9816288,-0.71389794,-0.27017137,1.7675385,-0.24556783,-6.36911
359,2024-05-15 22:12:04.586097,-0.9816288,-0.71389794,-0.27017137,1.7675385,-0.24556783,-6.36911
360,2024-05-15 22:12:04.602763,-0.9816288,-0.71389794,-0.27017137,1.7675385,-0.24556783,-6.36911
361,2024-05-15 22:12:04.619417,-0.9816288,-0.71389794,-0.27017137,1.7675385,-0.24556783,-6.36911
362,2024-05-15 22:12:04.636073,-0.9816288,-0.71389794,-0.27017137,1.7675385,-0.24556783,-6.36911
363,2024-05-15 22:12:04.653064,-0.9816288,-0.71389794,-0.27017137,1.7675385,-0.24556783,-6.36911
364,2024-05-15 22:12:04.669736,-0.9816288,-0.71389794,-0.27017137,1.7675385,-0.24556783,-6.36911
365,2024-05-15 22:12:04.686888,-3.3441637,0.33045352,-0.31263736,-0.17012598,0.41355577,-7.4961567
366,2024-05-15 22:12:04.702823,-3.4137204,0.43808278,-0.33655494,-0.47678033,0.35246924,-7.226765
367,2024-05-15 22:12:04.719732,-3.3854096,0.794925,-0.10909359,-1.426065,-0.2180789,-6.62323
368,2024-05-15 22:12:04.736110,-3.3978565,0.85447496,0.018060237,-1.598329,-0.28221974,-6.352006
369,2024-05-15 22:12:04.753012,-3.1806457,1.3201362,0.6336031,-1.4883732,0.26083946,-5.389893
370,2024-05-15 22:12:04.769667,-3.0913208,1.6440306,0.68656355,-0.6001751,0.8539896,-4.202371
371,2024-05-15 22:12:04.785914,-3.0141985,1.8529437,0.6109058,-0.48899764,0.59864795,-3.1681762
372,2024-05-15 22:12:04.802924,-2.9033966,1.9473938,0.5652671,-0.5696318,0.38606682,-2.9116127
373,2024-05-15 22:12:04.819658,-2.6300523,2.3024971,0.47493544,-1.2299771,-0.80939645,-2.1376467
374,2024-05-15 22:12:04.835811,-2.6847212,2.2922466,0.6685033,-1.3949108,-0.8081747,-1.6978236
375,2024-05-15 22:12:04.852981,-2.7210858,2.328367,1.0785195,-1.1242975,-0.35735616,-0.8401688
376,2024-05-15 22:12:04.869522,-2.9121826,2.3208015,1.1639395,-0.42913285,-0.42943826,0.43165267
377,2024-05-15 22:12:04.886252,-2.883628,2.2580786,1.1510044,-0.20677789,-0.68539083,0.9380599
378,2024-05-15 22:12:04.903977,-2.867276,2.0699105,1.1451471,0.514654,-1.3530666,2.4542274
379,2024-05-15 22:12:04.919583,-2.687162,1.888576,0.9374544,0.68019843,-1.563815,2.8726702
380,2024-05-15 22:12:04.935811,-2.7706294,1.641102,0.7365953,0.9007208,-1.9285016,3.6741254
381,2024-05-15 22:12:04.952954,-2.7706294,1.641102,0.7365953,0.9007208,-1.9285016,3.6741254
382,2024-05-15 22:12:04.969611,-2.7703853,1.247163,0.45785138,0.84635377,-2.2449298,4.6802206
383,2024-05-15 22:12:04.986007,-2.7703853,1.247163,0.45785138,0.84635377,-2.2449298,4.6802206
384,2024-05-15 22:12:05.002929,-3.0656946,1.1641835,0.14570218,0.17623462,-3.4477234,4.8072805
385,2024-05-15 22:12:05.019588,-3.5028317,0.9206144,0.14277348,-0.41141775,-4.211305,5.493282
386,2024-05-15 22:12:05.036006,-3.3627124,0.6589851,0.3961049,-0.32162055,-3.8747182,6.228764
387,2024-05-15 22:12:05.052943,-3.3500211,0.58430356,0.42002252,-0.27030787,-3.7971385,6.3344436
388,2024-05-15 22:12:05.069998,-3.0093174,0.2272173,0.4229512,0.15302174,-3.7201693,7.1499486
389,2024-05-15 22:12:05.086052,-2.4242816,-0.0102504045,0.27529657,0.30573806,-3.866166,7.289226
390,2024-05-15 22:12:05.102819,-2.276871,-0.09274176,0.14521407,0.47433686,-4.1868706,7.1560574
391,2024-05-15 22:12:05.119591,-1.9217678,-0.28286234,-0.025381953,0.50854534,-4.128838,7.093138
392,2024-05-15 22:12:05.135743,-1.4992741,-0.35022214,-0.16888762,0.57879484,-3.8270707,6.7693796
393,2024-05-15 22:12:05.152892,-1.3884722,-0.3526627,-0.21086545,0.6026186,-3.7507126,6.6209393
394,2024-05-15 22:12:05.169572,-1.115128,-0.28749946,-0.383658,0.61178154,-3.7281106,6.1261387
395,2024-05-15 22:12:05.186226,-1.115128,-0.28749946,-0.383658,0.61178154,-3.7281106,6.1261387
396,2024-05-15 22:12:05.202891,-1.115128,-0.28749946,-0.383658,0.61178154,-3.7281106,6.1261387
397,2024-05-15 22:12:05.218915,-1.115128,-0.28749946,-0.383658,0.61178154,-3.7281106,6.1261387
398,2024-05-15 22:12:05.236200,-1.115128,-0.28749946,-0.383658,0.61178154,-3.7281106,6.1261387
399,2024-05-15 22:12:05.252876,-1.115128,-0.28749946,-0.383658,0.61178154,-3.7281106,6.1261387
400,2024-05-15 22:12:05.269225,-1.115128,-0.28749946,-0.383658,0.61178154,-3.7281106,6.1261387
401,2024-05-15 22:12:05.286178,-1.115128,-0.28749946,-0.383658,0.61178154,-3.7281106,6.1261387
402,2024-05-15 22:12:05.302407,-0.6235968,-0.5418376,-0.09493827,1.0601566,-1.9358319,4.3625703
403,2024-05-15 22:12:05.319328,-0.51596755,-0.7016951,-0.08932495,1.8891008,-1.7128662,4.2721624
404,2024-05-15 22:12:05.335995,-0.37169918,-0.7668584,-0.16205402,2.4694228,-1.4514158,4.2220716
405,2024-05-15 22:12:05.352851,-0.13471961,-0.8942563,-0.47810817,3.162144,-0.85154617,3.983834
406,2024-05-15 22:12:05.369257,-0.03636453,-1.1839522,-0.9049948,3.1010575,-0.5852089,3.5886042
407,2024-05-15 22:12:05.385681,0.08639627,-1.3440537,-1.0480123,2.377793,-0.752586,3.4908657
408,2024-05-15 22:12:05.402819,0.35022214,-1.5366454,-1.23374,2.006387,-0.77946407,3.489644
409,2024-05-15 22:12:05.419483,0.58527976,-1.7440941,-1.1346527,0.48166725,-1.2333369,3.657632
410,2024-05-15 22:12:05.435929,1.0646082,-1.9891275,-0.7063322,0.3839288,-1.2626585,3.630754
411,2024-05-15 22:12:05.452825,1.2076257,-2.0415998,-0.6462941,0.61178154,-0.9230174,3.4731507
412,2024-05-15 22:12:05.469431,1.5554379,-2.269061,-0.8842499,1.1316279,0.376293,3.0944142
413,2024-05-15 22:12:05.486524,2.0181704,-2.4274542,-0.8447127,0.6020077,1.3267993,2.3332763
414,2024-05-15 22:12:05.502276,2.101882,-2.4218411,-0.7463576,0.52931476,1.378112,2.0058525
415,2024-05-15 22:12:05.519457,2.2797997,-2.3144557,-0.4424758,0.70402217,1.2290609,0.5831472
416,2024-05-15 22:12:05.535597,2.0782084,-2.130437,-0.48225713,0.9575313,1.0555751,-1.3221414
417,2024-05-15 22:12:05.553929,1.7277422,-1.9598407,-0.41904628,0.9294315,0.9755518,-1.7424167
418,2024-05-15 22:12:05.569443,1.6267025,-1.8609974,-0.37194324,0.8188649,0.50762904,-2.9873602
419,2024-05-15 22:12:05.585801,1.2832836,-1.6647754,-0.30726805,0.89827734,0.34269542,-4.061872
420,2024-05-15 22:12:05.602762,1.1651597,-1.6052256,-0.32044718,0.90316427,0.3359759,-4.261625
421,2024-05-15 22:12:05.619425,0.5730769,-1.3203802,-0.2186753,1.0088439,0.56505036,-4.8254538
422,2024-05-15 22:12:05.635609,0.30360723,-1.1824878,-0.22453266,1.2177598,0.8368854,-4.7710867
423,2024-05-15 22:12:05.652720,0.12178457,-1.0668048,-0.22282428,1.3863586,1.0097603,-4.61104
424,2024-05-15 22:12:05.669411,0.12178457,-1.0668048,-0.22282428,1.3863586,1.0097603,-4.61104
425,2024-05-15 22:12:05.686411,-0.117635585,-0.67802155,-0.23161033,2.03693,1.5882497,-3.8004217
426,2024-05-15 22:12:05.702655,-0.17084008,-0.60211974,-0.3333822,2.1358902,1.4379768,-3.7350593
427,2024-05-15 22:12:05.719518,-0.14228538,-0.54086137,-0.44345203,1.9850066,1.2846496,-3.8254673
428,2024-05-15 22:12:05.735806,-0.20281157,-0.44857723,-0.4166057,1.7632625,1.0647382,-4.125402
429,2024-05-15 22:12:05.752502,-0.21428227,-0.43759465,-0.38975942,1.7363845,0.9242391,-4.2536836
430,2024-05-15 22:12:05.769381,-0.30580372,-0.4600479,-0.29652956,1.8365663,0.72326446,-4.591492
431,2024-05-15 22:12:05.785514,-0.38585448,-0.43295756,-0.31776255,1.9917262,0.72082096,-4.882875
432,2024-05-15 22:12:05.802583,-0.4166057,-0.40000984,-0.34704942,1.9953914,0.675617,-5.0203195
433,2024-05-15 22:12:05.819378,-0.4166057,-0.40000984,-0.34704942,1.9953914,0.675617,-5.0203195
434,2024-05-15 22:12:05.836017,-0.4166057,-0.40000984,-0.34704942,1.9953914,0.675617,-5.0203195
435,2024-05-15 22:12:05.852703,-0.4166057,-0.40000984,-0.34704942,1.9953914,0.675617,-5.0203195
436,2024-05-15 22:12:05.869357,-0.4166057,-0.40000984,-0.34704942,1.9953914,0.675617,-5.0203195
437,2024-05-15 22:12:05.886023,-0.4166057,-0.40000984,-0.34704942,1.9953914,0.675617,-5.0203195
438,2024-05-15 22:12:05.902663,-0.4166057,-0.40000984,-0.34704942,1.9953914,0.675617,-5.0203195
439,2024-05-15 22:12:05.919304,-0.4166057,-0.40000984,-0.34704942,1.9953914,0.675617,-5.0203195
440,2024-05-15 22:12:05.935999,-0.4166057,-0.40000984,-0.34704942,1.9953914,0.675617,-5.0203195
441,2024-05-15 22:12:05.952666,-0.4166057,-0.40000984,-0.34704942,1.9953914,0.675617,-5.0203195
442,2024-05-15 22:12:05.969318,-2.4760218,0.33411437,-0.47591165,-0.09315695,-0.12522738,-7.706905
443,2024-05-15 22:12:05.985473,-2.9036405,0.649955,-0.4751795,-0.3277292,-0.3323107,-7.665977
444,2024-05-15 22:12:05.999647,-3.0996184,0.72414833,-0.153512,-1.765706,-0.081855945,-6.8394766
445,2024-05-15 22:12:06.019211,-3.0617898,1.1446589,0.2865232,-1.6032158,0.97127575,-5.896911
446,2024-05-15 22:12:06.035624,-3.0361638,1.2522882,0.4834774,-1.3607023,1.2473868,-5.3330827
447,2024-05-15 22:12:06.052505,-2.7276752,1.6074221,0.56038594,-1.063211,0.7312057,-4.5548406
448,2024-05-15 22:12:06.069051,-2.773314,1.6735615,0.53427184,-1.2000448,-0.059864793,-3.9971204
449,2024-05-15 22:12:06.085543,-2.5631807,1.9859549,1.0384941,-1.1548407,-0.03176499,-3.228041
450,2024-05-15 22:12:06.102580,-2.4555209,2.1365383,1.0670488,-0.110872045,0.86070913,-2.054569
451,2024-05-15 22:12:06.119771,-2.3649757,2.3691247,0.55013555,0.17195857,0.43860126,-1.0741302
452,2024-05-15 22:12:06.136061,-2.2141483,2.2968838,0.49079913,-0.5458081,-0.36835176,-0.55428386
453,2024-05-15 22:12:06.152581,-2.2141483,2.2968838,0.49079913,-0.5458081,-0.36835176,-0.55428386
454,2024-05-15 22:12:06.168744,-2.225619,2.2663767,0.72927356,-0.80481493,-0.766025,-0.26778805
455,2024-05-15 22:12:06.186380,-2.463575,1.9644778,0.86204064,0.3943135,-0.7812967,1.7645606
456,2024-05-15 22:12:06.202292,-2.3818157,1.8307344,0.7004748,0.5183192,-0.91690874,2.2086596
457,2024-05-15 22:12:06.218824,-2.2283037,1.6179165,0.5279263,0.42058071,-1.2449434,2.6906323
458,2024-05-15 22:12:06.235877,-2.139955,1.3640665,0.55770135,0.3943135,-1.4624114,3.1261792
459,2024-05-15 22:12:06.252538,-2.084554,1.1048776,0.5105983,0.5323691,-1.613906,3.562337
460,2024-05-15 22:12:06.268902,-1.9134698,1.0406905,0.3743838,0.47250426,-2.0378466,4.0467534
461,2024-05-15 22:12:06.285684,-1.7306709,1.0380061,0.2933568,0.10842858,-2.552806,4.101731
462,2024-05-15 22:12:06.303047,-1.6818595,1.0804719,0.19841854,0.10842858,-2.552806,4.101731
463,2024-05-15 22:12:06.318864,-1.9732639,1.1619871,0.23527117,-0.52320606,-2.7311785,4.1848087
464,2024-05-15 22:12:06.335850,-2.0569754,1.1707731,0.34607318,-0.5561928,-2.5668557,4.50368
465,2024-05-15 22:12:06.352389,-1.9742401,1.1956669,0.41611758,-0.5152648,-2.6083946,4.9691596
466,2024-05-15 22:12:06.369167,-2.0569754,1.0628998,0.40781966,-0.54092115,-2.8002062,5.094387
467,2024-05-15 22:12:06.385665,-2.046237,1.0179932,0.4253918,-0.59773165,-3.3786957,5.2605424
468,2024-05-15 22:12:06.402490,-2.0189025,0.86423725,0.42465958,-0.3680463,-3.5863898,5.457852
469,2024-05-15 22:12:06.419145,-1.9325063,0.8281168,0.38927132,-0.19517145,-3.476434,5.6056814
470,2024-05-15 22:12:06.435817,-1.756541,0.72951764,0.20988922,-0.00580322,-3.4293976,5.788941
471,2024-05-15 22:12:06.452475,-1.7321353,0.6804621,0.14594623,0.016187929,-3.5191946,5.7962713
472,2024-05-15 22:12:06.469150,-1.7321353,0.6804621,0.14594623,0.016187929,-3.5191946,5.7962713
473,2024-05-15 22:12:06.485824,-1.7321353,0.6804621,0.14594623,0.016187929,-3.5191946,5.7962713
474,2024-05-15 22:12:06.502435,-1.7321353,0.6804621,0.14594623,0.016187929,-3.5191946,5.7962713
475,2024-05-15 22:12:06.519100,-1.7321353,0.6804621,0.14594623,0.016187929,-3.5191946,5.7962713
476,2024-05-15 22:12:06.535758,-1.7321353,0.6804621,0.14594623,0.016187929,-3.5191946,5.7962713
477,2024-05-15 22:12:06.552444,-1.7321353,0.6804621,0.14594623,0.016187929,-3.5191946,5.7962713
478,2024-05-15 22:12:06.569105,-1.7321353,0.6804621,0.14594623,0.016187929,-3.5191946,5.7962713
479,2024-05-15 22:12:06.585762,-0.5867441,-0.38146147,-0.33435842,0.473726,-1.8380935,4.5488844
480,2024-05-15 22:12:06.601901,-0.42417148,-0.51767594,-0.23917611,0.850019,-1.7287487,4.2434516
481,2024-05-15 22:12:06.619257,-0.3082443,-0.60724497,-0.28798756,0.9282097,-1.7733418,4.1457133
482,2024-05-15 22:12:06.635441,-0.24259292,-0.65141934,-0.31678632,1.1475104,-1.9443841,3.7291033
483,2024-05-15 22:12:06.652062,-0.21818718,-0.77344793,-0.32801294,1.5696182,-1.6065756,3.5336263
484,2024-05-15 22:12:06.668714,-0.14301755,-0.85764766,-0.3653537,2.03693,-1.17897,3.5348482
485,2024-05-15 22:12:06.685385,0.18987654,-0.94087124,-0.7073084,2.7149906,0.04520403,3.394349
486,2024-05-15 22:12:06.702376,0.37658033,-0.9772358,-0.9547824,2.1138992,0.6065892,3.1359532
487,2024-05-15 22:12:06.718547,0.34802565,-1.0528934,-1.0082309,1.8683313,0.50335294,3.1390073
488,2024-05-15 22:12:06.735704,0.5616062,-1.5329845,-1.204209,0.4896085,-0.86376345,3.5146894
489,2024-05-15 22:12:06.752385,1.1207414,-1.7965664,-1.3201362,-0.31490102,-1.0592403,3.4597118
490,2024-05-15 22:12:06.769051,1.2971947,-1.9212795,-1.2671757,-0.7357872,-0.6646214,3.3014975
491,2024-05-15 22:12:06.785695,1.4487543,-2.0152416,-1.0704657,-1.0564915,0.1386664,2.9081004
492,2024-05-15 22:12:06.802348,1.8578248,-2.122627,-0.42685616,-0.15118915,0.7812967,2.129858
493,2024-05-15 22:12:06.819971,1.9383637,-2.0911434,-0.57527345,0.68875057,1.3622295,1.2880857
494,2024-05-15 22:12:06.835677,1.8932132,-2.0760121,-0.72366023,0.627664,1.3652838,0.9905943
495,2024-05-15 22:12:06.852335,2.0650294,-2.033546,-0.5413495,0.12858713,1.1111639,0.2923754
496,2024-05-15 22:12:06.868775,2.153134,-1.9708232,-0.2774931,0.21044308,1.0897835,-0.2775619
497,2024-05-15 22:12:06.885651,2.0320816,-1.8168231,0.010006348,1.0393872,1.2186762,-1.5964199
498,2024-05-15 22:12:06.902316,1.6230417,-1.6303635,-0.1637624,2.0002782,1.4141531,-2.8859565
499,2024-05-15 22:12:06.918770,1.3618699,-1.5239545,-0.31507793,2.1951442,1.4031575,-3.286684
500,2024-05-15 22:12:06.935629,0.9045067,-1.3167193,-0.49885303,2.1627684,1.174083,-3.72162
501,2024-05-15 22:12:06.952323,0.54354596,-1.0946273,-0.49397188,1.9043725,1.029308,-3.830965
502,2024-05-15 22:12:06.968979,0.34558508,-0.9215907,-0.41416514,1.7302758,1.1746938,-3.8022544
503,2024-05-15 22:12:06.985628,0.272856,-0.8510581,-0.3443648,1.7290541,1.3261884,-3.7790415
504,2024-05-15 22:12:07.002297,0.117879644,-0.731226,-0.25137895,1.824349,1.5351044,-3.7747655
505,2024-05-15 22:12:07.019005,0.042221904,-0.6902244,-0.23917611,1.8976529,1.5204436,-3.7417786
506,2024-05-15 22:12:07.035628,-0.073217176,-0.581863,-0.24356914,2.028378,1.4337007,-3.6935203
507,2024-05-15 22:12:07.051735,-0.12202863,-0.48006064,-0.26553428,2.1132884,1.4257594,-3.631212
508,2024-05-15 22:12:07.068930,-0.14497001,-0.42441553,-0.28335047,2.1077905,1.3200798,-3.6122754
509,2024-05-15 22:12:07.085586,-0.11495096,-0.3687705,-0.255772,2.0925188,1.0543534,-3.6654205
510,2024-05-15 22:12:07.102261,-0.11495096,-0.3687705,-0.255772,2.0925188,1.0543534,-3.6654205
511,2024-05-15 22:12:07.118867,-0.11495096,-0.3687705,-0.255772,2.0925188,1.0543534,-3.6654205
512,2024-05-15 22:12:07.135532,-0.11495096,-0.3687705,-0.255772,2.0925188,1.0543534,-3.6654205
513,2024-05-15 22:12:07.152187,-0.11495096,-0.3687705,-0.255772,2.0925188,1.0543534,-3.6654205
514,2024-05-15 22:12:07.168854,-0.11495096,-0.3687705,-0.255772,2.0925188,1.0543534,-3.6654205
515,2024-05-15 22:12:07.185570,-0.11495096,-0.3687705,-0.255772,2.0925188,1.0543534,-3.6654205
516,2024-05-15 22:12:07.202178,-0.11495096,-0.3687705,-0.255772,2.0925188,1.0543534,-3.6654205
517,2024-05-15 22:12:07.218915,-0.11495096,-0.3687705,-0.255772,2.0925188,1.0543534,-3.6654205
518,2024-05-15 22:12:07.237295,-0.36047253,-0.31190515,-0.5547726,2.2293527,0.6017023,-4.375246
519,2024-05-15 22:12:07.253282,-1.1934705,-0.37877685,-0.86057633,0.5537493,-0.552833,-7.4503417
520,2024-05-15 22:12:07.268954,-2.0816252,-0.25699228,-0.25870067,-0.7290677,0.0067195175,-8.516301
521,2024-05-15 22:12:07.285983,-2.5153456,-0.09664667,-0.08395569,-0.43951756,0.64568454,-8.292725
522,2024-05-15 22:12:07.302173,-2.9885726,0.20793676,-0.24088451,-0.07788532,0.9816604,-7.461948
523,2024-05-15 22:12:07.318955,-3.0898561,0.58820844,-0.2975058,-0.8933904,0.46792278,-6.7625074
524,2024-05-15 22:12:07.335546,-2.9797864,1.042399,0.47127452,-1.2611313,1.0958922,-5.7026563
525,2024-05-15 22:12:07.352215,-2.9797864,1.042399,0.47127452,-1.2611313,1.0958922,-5.7026563
526,2024-05-15 22:12:07.368955,-2.7916183,1.3164753,0.6152988,-0.9990701,1.024421,-5.02765
527,2024-05-15 22:12:07.384583,-2.8387215,1.4507067,0.735375,-0.9379836,0.86254174,-4.6819005
528,2024-05-15 22:12:07.401667,-2.8162682,1.603273,0.9045067,-0.39492437,0.9224065,-3.5615735
529,2024-05-15 22:12:07.418477,-2.2780914,2.0857742,0.86204064,0.03634648,0.7012733,-2.7869964
530,2024-05-15 22:12:07.436138,-2.1982846,2.1765635,0.76246536,-0.09010262,0.32742378,-2.6177866
531,2024-05-15 22:12:07.453594,-2.4345322,2.3173845,0.83836716,-0.4175264,-0.18692477,-2.2146156
532,2024-05-15 22:12:07.469588,-2.640791,2.472361,0.9789441,-0.3436117,-0.321926,-1.1498774
533,2024-05-15 22:12:07.486281,-2.6219985,2.5160778,0.9359901,-0.26419923,-0.3811799,-0.5249623
534,2024-05-15 22:12:07.501781,-2.5212028,2.4774861,0.8347063,-0.24831672,-0.5308419,-0.015500706
535,2024-05-15 22:12:07.518939,-2.567818,2.220738,0.82665247,-0.25992316,-1.2406673,1.3937654
536,2024-05-15 22:12:07.536605,-2.560008,2.1067631,0.8354385,-0.15607607,-1.3121386,1.844584
537,2024-05-15 22:12:07.554153,-2.4069536,1.8400086,0.7204875,0.21960606,-1.4526376,2.8048642
538,2024-05-15 22:12:07.569795,-2.1589913,1.5769149,0.4075756,0.27458394,-1.5149459,3.4041228
539,2024-05-15 22:12:07.586599,-2.1589913,1.5769149,0.4075756,0.27458394,-1.5149459,3.4041228
540,2024-05-15 22:12:07.603752,-2.1465445,1.3269697,0.10030753,-0.3930918,-2.2650883,3.8518872
541,2024-05-15 22:12:07.619485,-2.0955365,1.2776701,0.15668476,-0.7443393,-2.3585508,4.2122974
542,2024-05-15 22:12:07.635534,-2.0784526,1.2547288,0.17816179,-0.84574294,-2.3958135,4.359516
543,2024-05-15 22:12:07.654196,-2.033546,1.1946907,0.26406994,-1.0033462,-2.4569001,4.5165086
544,2024-05-15 22:12:07.669465,-2.0740595,1.0589949,0.4566311,-0.98807454,-2.4990497,4.759633
545,2024-05-15 22:12:07.686170,-2.067226,0.9989568,0.5037647,-0.91232723,-2.5033257,4.872032
546,2024-05-15 22:12:07.703213,-2.0074317,0.7346428,0.46932206,-0.59406644,-2.692694,5.1683016
547,2024-05-15 22:12:07.718729,-1.9129817,0.505229,0.3778006,-0.4279111,-3.0109549,5.342398
548,2024-05-15 22:12:07.737476,-1.9129817,0.505229,0.3778006,-0.4279111,-3.0109549,5.342398
549,2024-05-15 22:12:07.753145,-1.9129817,0.505229,0.3778006,-0.4279111,-3.0109549,5.342398
550,2024-05-15 22:12:07.770355,-1.9129817,0.505229,0.3778006,-0.4279111,-3.0109549,5.342398
551,2024-05-15 22:12:07.785487,-1.9129817,0.505229,0.3778006,-0.4279111,-3.0109549,5.342398
552,2024-05-15 22:12:07.803171,-1.9129817,0.505229,0.3778006,-0.4279111,-3.0109549,5.342398
553,2024-05-15 22:12:07.818794,-1.9129817,0.505229,0.3778006,-0.4279111,-3.0109549,5.342398
554,2024-05-15 22:12:07.835482,-1.9129817,0.505229,0.3778006,-0.4279111,-3.0109549,5.342398
555,2024-05-15 22:12:07.851664,-1.9129817,0.505229,0.3778006,-0.4279111,-3.0109549,5.342398
556,2024-05-15 22:12:07.868334,-1.093407,-0.2831064,-0.19085276,0.4364632,-2.5100453,4.818276
557,2024-05-15 22:12:07.885748,-0.85057,-0.4002539,-0.22404456,0.56230146,-2.3585508,4.8103347
558,2024-05-15 22:12:07.901393,-0.6775334,-0.44955346,-0.2889638,0.60994893,-2.3243423,4.6783876
559,2024-05-15 22:12:07.918090,-0.5203605,-0.5198724,-0.33094162,0.7486154,-2.3060162,4.532391
560,2024-05-15 22:12:07.934946,-0.48665017,-0.5325634,-0.340948,0.7828238,-2.276084,4.4896307
561,2024-05-15 22:12:07.952573,-0.33265,-0.58259517,-0.366574,0.9275989,-2.1533,4.346077
562,2024-05-15 22:12:07.968140,-0.016839951,-0.7463576,-0.44735694,1.6490307,-1.4239268,4.1854196
563,2024-05-15 22:12:07.984795,0.12690976,-0.8183544,-0.58259517,1.8842138,-0.8539896,3.98811
564,2024-05-15 22:12:08.001893,0.49421594,-0.9152452,-0.7505066,1.7455474,-0.45814893,3.6961164
565,2024-05-15 22:12:08.018526,0.47005424,-1.0899903,-0.6580089,1.5897768,0.21380283,3.4841464
566,2024-05-15 22:12:08.035319,0.4742032,-1.1593024,-0.5799105,1.738217,0.6206391,3.6215909
567,2024-05-15 22:12:08.053093,0.6028519,-1.2437462,-0.69559366,1.9080375,1.9956968,4.0125446
568,2024-05-15 22:12:08.068301,0.75611985,-1.4316703,-0.85789174,0.9654725,1.9095647,4.223904
569,2024-05-15 22:12:08.087345,1.1973754,-1.7465347,-0.7285414,-0.17501289,1.006095,4.1860304
570,2024-05-15 22:12:08.103079,1.5141922,-1.8912607,-0.55892164,-0.48716503,0.68233645,3.9105303
571,2024-05-15 22:12:08.118352,1.926893,-2.0428202,-0.34460884,-0.57696223,0.4978552,3.1023555
572,2024-05-15 22:12:08.137471,2.034034,-2.1419075,-0.17889395,-0.5561928,0.36285394,2.1683426
573,2024-05-15 22:12:08.153106,2.0901673,-2.1804683,-0.10177187,-0.52442783,0.31887165,1.9392681
574,2024-05-15 22:12:08.168679,2.3222656,-2.2146363,0.09689073,-0.110872045,0.552833,0.9215666
575,2024-05-15 22:12:08.187357,2.3266587,-2.1436157,0.29042813,0.5671884,0.87781334,-0.23052527
576,2024-05-15 22:12:08.203074,2.249781,-2.0772324,0.3360668,0.9624182,0.81489426,-0.8267298
577,2024-05-15 22:12:08.218492,1.9591085,-1.9071244,0.26529023,1.9214766,0.55771995,-2.0160844
578,2024-05-15 22:12:08.237249,1.5671526,-1.7150513,-0.036852647,2.5341744,0.63407815,-2.9042823
579,2024-05-15 22:12:08.253099,1.3882282,-1.6318277,-0.12813005,2.6410758,0.67256266,-3.1993303
580,2024-05-15 22:12:08.268259,0.8747317,-1.3557686,-0.3577879,2.681393,0.6072,-3.4784958
581,2024-05-15 22:12:08.286083,0.66264594,-1.1280631,-0.3448529,2.5922067,0.7495316,-3.6153295
582,2024-05-15 22:12:08.302784,0.5750294,-1.025315,-0.32508424,2.6123652,0.8881981,-3.7246745
583,2024-05-15 22:12:08.319555,0.32532832,-0.8393434,-0.33240595,2.6435194,1.1643091,-3.8828886
584,2024-05-15 22:12:08.334937,0.24991462,-0.7998061,-0.3436326,2.6196957,1.1844677,-3.9073231
585,2024-05-15 22:12:08.353007,-0.045882765,-0.66996765,-0.4195344,2.3069327,0.88697636,-3.8828886
586,2024-05-15 22:12:08.368690,-0.12080834,-0.63506746,-0.41196862,2.104736,0.68294734,-3.8340194
587,2024-05-15 22:12:08.386803,-0.12080834,-0.63506746,-0.41196862,2.104736,0.68294734,-3.8340194
588,2024-05-15 22:12:08.401965,-0.12080834,-0.63506746,-0.41196862,2.104736,0.68294734,-3.8340194
589,2024-05-15 22:12:08.418639,-0.12080834,-0.63506746,-0.41196862,2.104736,0.68294734,-3.8340194
590,2024-05-15 22:12:08.436244,-0.12080834,-0.63506746,-0.41196862,2.104736,0.68294734,-3.8340194
591,2024-05-15 22:12:08.452984,-0.12080834,-0.63506746,-0.41196862,2.104736,0.68294734,-3.8340194
592,2024-05-15 22:12:08.470621,-0.46273252,-0.45174995,-0.22233616,1.7119498,0.33475417,-4.4815364
593,2024-05-15 22:12:08.484613,-0.46151224,-0.45931572,-0.311173,1.5158621,0.017104227,-4.7448196
594,2024-05-15 22:12:08.502525,-0.46151224,-0.45931572,-0.311173,1.5158621,0.017104227,-4.7448196
595,2024-05-15 22:12:08.519236,-0.56599927,-0.48152497,-0.31947094,1.1175779,-0.46731192,-5.257335
596,2024-05-15 22:12:08.535530,-0.74660164,-0.32972133,-0.5445222,-0.24709499,-1.3133603,-7.308621
597,2024-05-15 22:12:08.551735,-1.4853629,-0.13789235,0.09298581,0.2782491,0.029932396,-7.6959095
598,2024-05-15 22:12:08.568460,-1.9959611,-0.13227904,-0.18084641,0.9465357,1.1032226,-6.755788
599,2024-05-15 22:12:08.585173,-1.9595966,-0.10933765,-0.1986626,0.88789266,1.215011,-6.430197
600,2024-05-15 22:12:08.601799,-1.3101298,-0.06272271,-0.06955632,0.12370021,0.66523224,-6.5713067
601,2024-05-15 22:12:08.619294,-1.7933937,-0.110557936,0.74586946,0.17256944,0.398895,-7.3739834
602,2024-05-15 22:12:08.635296,-1.9727757,-0.08590815,0.94160336,0.6545421,0.66950834,-7.2933493
603,2024-05-15 22:12:08.652973,-2.5212028,-0.076389916,0.6018757,3.664886,1.9468275,-5.829716
604,2024-05-15 22:12:08.668605,-2.3032293,-0.053692598,0.119588055,4.163352,1.8533652,-5.369124
605,2024-05-15 22:12:08.687630,-1.5442113,0.25601605,-1.0746145,3.1645875,-0.38912117,-6.714249
606,2024-05-15 22:12:08.703428,-1.6650196,0.35754386,-1.1939586,2.5121834,-0.8698721,-7.4020834
607,2024-05-15 22:12:08.720268,-3.246297,0.7007189,-1.0282438,1.2244794,0.0720821,-7.565184
608,2024-05-15 22:12:08.736042,-3.5626256,1.2691282,-0.9333054,0.058337633,0.784351,-5.3660693
609,2024-05-15 22:12:08.753911,-2.9958942,1.4831663,-0.5103542,-0.42424592,0.6426302,-4.9525137
610,2024-05-15 22:12:08.768420,-3.0810702,1.6249942,-0.25943285,-1.4321736,-0.23701571,-5.009935
611,2024-05-15 22:12:08.786735,-3.524797,1.9159105,0.35583547,-1.5567901,-0.7538077,-3.981238
612,2024-05-15 22:12:08.801851,-3.6426764,2.063565,0.61114985,-1.1621711,-0.5589417,-3.0667727
613,2024-05-15 22:12:08.820615,-3.6336462,2.2251308,0.5703923,-0.32528573,-0.026267206,-1.0588585
614,2024-05-15 22:12:08.836084,-3.584347,2.2070708,0.49812084,-0.14996742,-0.08246681,0.7004334
615,2024-05-15 22:12:08.852851,-3.2143254,2.0613687,0.5247536,-0.1133155,-0.18387043,1.1255956
616,2024-05-15 22:12:08.869047,-2.86752,1.8068169,0.5381767,0.21594086,-0.698219,2.4456754
617,2024-05-15 22:12:08.885956,-2.7103474,1.6989436,0.4288086,0.32467487,-0.9315695,2.8409052
618,2024-05-15 22:12:08.902386,-2.5417037,1.5874094,0.22990192,0.2941316,-1.1777482,3.1927636
619,2024-05-15 22:12:08.919334,-2.55293,1.3594294,-0.10518867,-0.41630468,-1.4330899,4.0009384
620,2024-05-15 22:12:08.935825,-2.5949082,1.3428334,-0.13057062,-1.1328496,-1.8832976,4.196415
621,2024-05-15 22:12:08.952817,-2.9375644,1.485851,-0.23746772,-1.6013832,-2.4379632,4.1182246
622,2024-05-15 22:12:08.969262,-3.823523,1.3206244,-0.32947728,-2.6233609,-4.0469823,4.818276
623,2024-05-15 22:12:08.984905,-3.7507937,0.95234185,0.28701133,-2.6557367,-4.2717805,6.322226
624,2024-05-15 22:12:09.001607,-3.7507937,0.95234185,0.28701133,-2.087632,-4.1581597,6.8848333
625,2024-05-15 22:12:09.019970,-3.7507937,0.95234185,0.28701133,-2.087632,-4.1581597,6.8848333
626,2024-05-15 22:12:09.036090,-3.7507937,0.95234185,0.28701133,-2.087632,-4.1581597,6.8848333
627,2024-05-15 22:12:09.053410,-3.7507937,0.95234185,0.28701133,-2.087632,-4.1581597,6.8848333
628,2024-05-15 22:12:09.069072,-3.7507937,0.95234185,0.28701133,-2.087632,-4.1581597,6.8848333
629,2024-05-15 22:12:09.084726,-3.7507937,0.95234185,0.28701133,-2.087632,-4.1581597,6.8848333
630,2024-05-15 22:12:09.103277,-2.7962554,-0.0065895454,0.041001618,-1.0552697,-5.1789155,7.4908113
631,2024-05-15 22:12:09.119821,-1.6689246,-0.4834774,-0.36340126,-0.05955936,-4.205807,8.035704
632,2024-05-15 22:12:09.134662,-1.6689246,-0.4834774,-0.36340126,-0.05955936,-4.205807,8.035704
633,2024-05-15 22:12:09.152748,-0.36388937,-0.40440285,-0.014887493,-0.5751296,-2.9743028,5.756565
634,2024-05-15 22:12:09.170167,-0.5559929,-0.30336314,-0.05686534,-0.019242255,-2.489276,4.688162
635,2024-05-15 22:12:09.185622,-0.6912006,-0.302631,-0.21086545,-0.0027488936,-2.641992,4.5201735
636,2024-05-15 22:12:09.201277,-0.74562544,-0.28871974,-0.3414361,-0.12858713,-2.8124237,4.5525494
637,2024-05-15 22:12:09.218322,-0.61285824,-0.32239962,-0.23746772,0.04917465,-2.3695462,4.5116215
638,2024-05-15 22:12:09.236341,-0.5398851,-0.31312546,-0.25699228,0.4175264,-1.9425515,4.356462
639,2024-05-15 22:12:09.252259,-0.4927516,-0.32166746,-0.345341,0.52931476,-1.9272798,4.2813253
640,2024-05-15 22:12:09.269380,-0.44491637,-0.2997023,-0.5738091,0.5036584,-1.9602666,3.8415024
641,2024-05-15 22:12:09.284554,-0.5391529,-0.30604777,-0.68924814,0.14752395,-1.8790215,3.711388
642,2024-05-15 22:12:09.301700,-0.5447663,-0.31703037,-0.67899776,0.06627888,-1.8765781,3.730325
643,2024-05-15 22:12:09.320009,-0.53475994,-0.5867441,-0.4085518,0.39553526,-1.7403551,4.221461
644,2024-05-15 22:12:09.336390,-0.2255089,-1.0492326,-0.4458926,1.6105462,-1.273654,4.7468047
645,2024-05-15 22:12:09.353836,0.35754386,-1.3355118,-0.9816288,1.8286251,-0.7715228,4.688162
646,2024-05-15 22:12:09.369367,0.5132829,-1.4267892,-1.1983516,1.1316279,-0.63285637,4.498183
647,2024-05-15 22:12:09.386002,0.6821705,-1.6821035,-0.9794322,-0.50243664,-1.0079277,4.1860304
648,2024-05-15 22:12:09.402645,0.739768,-1.8470863,-0.6921768,-0.677755,-1.1459832,4.1127267
649,2024-05-15 22:12:09.418888,1.136117,-2.2314765,-0.3338703,0.23243423,-0.72143185,3.8085158
650,2024-05-15 22:12:09.434968,1.2793787,-2.3198252,-0.33435842,0.7058548,-0.26511553,3.653967
651,2024-05-15 22:12:09.451463,1.6171844,-2.4701643,-0.48152497,1.3716979,0.61453044,2.8867202
652,2024-05-15 22:12:09.470351,1.8260972,-2.4276986,-0.6728963,1.45783,0.5479461,1.6026813
653,2024-05-15 22:12:09.485930,1.7497075,-2.3259265,-0.8146936,0.958753,0.25900686,0.2111303
654,2024-05-15 22:12:09.501305,1.6974791,-2.2859013,-0.78174585,0.70524395,0.13683382,-0.27634016
655,2024-05-15 22:12:09.518871,1.6896694,-2.1411753,-0.5794224,0.3454443,0.0421497,-1.4094952
656,2024-05-15 22:12:09.536935,1.5759387,-1.98205,-0.28359452,0.6301075,0.20830505,-2.4381924
657,2024-05-15 22:12:09.553197,1.477309,-1.8900403,-0.19939478,0.95203346,0.37873647,-2.8395307
658,2024-05-15 22:12:09.568911,1.1688206,-1.6515964,-0.26480213,1.7486018,0.8374963,-3.564628
659,2024-05-15 22:12:09.584558,0.83275384,-1.421664,-0.4549227,2.1303926,0.9639453,-3.9409208
660,2024-05-15 22:12:09.602811,0.7163385,-1.2984151,-0.51743186,2.1303926,0.8924741,-4.0313287
661,2024-05-15 22:12:09.618702,0.5381767,-1.0375179,-0.51767594,2.0131063,0.92485,-4.2506294
662,2024-05-15 22:12:09.636469,0.2550398,-0.8530106,-0.49397188,1.7986927,1.0115929,-4.3947935
663,2024-05-15 22:12:09.650461,0.2550398,-0.8530106,-0.49397188,1.7986927,1.0115929,-4.3947935
664,2024-05-15 22:12:09.661650,0.2550398,-0.8530106,-0.49397188,1.7986927,1.0115929,-4.3947935
665,2024-05-15 22:12:09.685494,0.2550398,-0.8530106,-0.49397188,1.7986927,1.0115929,-4.3947935
666,2024-05-15 22:12:09.701150,0.2550398,-0.8530106,-0.49397188,1.7986927,1.0115929,-4.3947935
667,2024-05-15 22:12:09.718819,0.2550398,-0.8530106,-0.49397188,1.7986927,1.0115929,-4.3947935
668,2024-05-15 22:12:09.735848,0.2550398,-0.8530106,-0.49397188,1.7986927,1.0115929,-4.3947935
669,2024-05-15 22:12:09.752514,0.2550398,-0.8530106,-0.49397188,1.7986927,1.0115929,-4.3947935
670,2024-05-15 22:12:09.769214,0.2550398,-0.8530106,-0.49397188,1.7986927,1.0115929,-4.3947935
671,2024-05-15 22:12:09.785864,0.2550398,-0.8530106,-0.49397188,1.7986927,1.0115929,-4.3947935
672,2024-05-15 22:12:09.803930,-0.35485923,-0.44320798,-0.277005,2.3655756,1.1368202,-4.3728027
673,2024-05-15 22:12:09.819980,-0.6933971,-0.24991462,-0.41001618,2.1365013,0.22357668,-5.487632
674,2024-05-15 22:12:09.834912,-0.9164654,-0.11690342,-0.45199403,1.7901406,-0.086132,-5.9048524
675,2024-05-15 22:12:09.851461,-1.06412,-0.077122085,-0.42563587,1.7009543,-0.036651913,-6.1498094
676,2024-05-15 22:12:09.868996,-1.3120823,0.007565775,-0.38463423,1.6991217,0.122783914,-6.542596
677,2024-05-15 22:12:09.886156,-1.6325599,0.174745,-0.3275248,1.8481728,0.38728857,-6.654995
678,2024-05-15 22:12:09.902033,-1.722617,0.2072046,-0.400742,1.7944167,0.27672195,-6.6152887
679,2024-05-15 22:12:09.917744,-1.7775298,0.23722363,-0.45467865,1.5763378,0.06414085,-6.640334
680,2024-05-15 22:12:09.935757,-2.1816885,0.30848834,-0.22404456,1.0235047,-0.14538592,-6.813209
681,2024-05-15 22:12:09.952857,-2.327879,0.36681804,-0.16132185,1.0235047,-0.14538592,-6.813209
682,2024-05-15 22:12:09.967994,-2.387429,0.5943099,-0.14570218,1.2055426,0.15271631,-6.3794947
683,2024-05-15 22:12:09.986911,-2.305914,0.8798569,-0.051496077,1.6044376,0.41050145,-5.810779
684,2024-05-15 22:12:10.002838,-2.3464274,0.9286684,-0.16547081,1.6814066,0.40500367,-5.6788325
685,2024-05-15 22:12:10.018637,-2.5658655,0.95893145,-0.4229512,1.2409728,0.08735373,-5.516953
686,2024-05-15 22:12:10.035771,-2.468212,1.0421549,-0.42392743,0.5714644,-0.32742378,-5.1919727
687,2024-05-15 22:12:10.052376,-2.1846173,1.4655943,-0.174745,0.23548855,-0.44715336,-4.793689
688,2024-05-15 22:12:10.067882,-2.204386,1.569105,-0.22306833,0.16279559,-0.29932398,-4.6189814
689,2024-05-15 22:12:10.084697,-2.3215334,1.722617,-0.3756041,-0.5861252,-0.312763,-4.237801
690,2024-05-15 22:12:10.103160,-2.2666206,1.7789943,0.024649782,-1.4798211,-0.4447099,-3.5786777
691,2024-05-15 22:12:10.119058,-2.1702182,1.8861353,0.34509695,-1.4957036,-0.35430184,-3.2365932
692,2024-05-15 22:12:10.135693,-2.1111562,2.0652735,0.69486153,-0.82253003,-0.2302962,-2.385047
693,2024-05-15 22:12:10.152412,-2.0215874,2.2658885,0.66947955,-0.33322698,-0.23457226,-1.9110155
694,2024-05-15 22:12:10.170010,-2.1175015,2.315432,0.48103684,0.16523905,-0.47036624,-1.1675925
695,2024-05-15 22:12:10.186226,-2.3676603,2.370589,0.27139166,0.04062254,-0.73548174,-0.5115233
696,2024-05-15 22:12:10.200736,-2.3676603,2.370589,0.27139166,-0.20799962,-0.9682214,0.41515929
697,2024-05-15 22:12:10.217302,-2.674471,2.2837045,0.31483385,-0.25137106,-0.9663888,1.0131963
698,2024-05-15 22:12:10.234589,-2.6883821,2.1323893,0.041245673,-0.94225967,-1.641395,2.3363304
699,2024-05-15 22:12:10.250215,-2.6883821,2.1323893,0.041245673,-0.94225967,-1.641395,2.3363304
700,2024-05-15 22:12:10.265556,-2.7027814,1.8417171,0.26870704,-1.3344351,-2.012801,2.7370582
701,2024-05-15 22:12:10.281271,-2.683745,1.5310321,0.45736328,-1.3234396,-2.0433443,3.7840812
702,2024-05-15 22:12:10.296925,-2.683745,1.5310321,0.45736328,-1.3234396,-2.0433443,3.7840812
703,2024-05-15 22:12:10.317469,-2.683745,1.5310321,0.45736328,-1.3234396,-2.0433443,3.7840812
704,2024-05-15 22:12:10.334159,-2.683745,1.5310321,0.45736328,-1.3234396,-2.0433443,3.7840812
705,2024-05-15 22:12:10.351113,-2.683745,1.5310321,0.45736328,-1.3234396,-2.0433443,3.7840812
706,2024-05-15 22:12:10.368456,-2.328123,0.8896192,0.7002308,-0.8304713,-3.6780195,4.8427105
707,2024-05-15 22:12:10.384617,-2.328123,0.8896192,0.7002308,-0.8304713,-3.6780195,4.8427105
708,2024-05-15 22:12:10.402297,-2.328123,0.8896192,0.7002308,-0.8304713,-3.6780195,4.8427105
709,2024-05-15 22:12:10.419779,-2.003283,0.50962204,0.33142975,0.2556471,-3.6725218,5.51283
710,2024-05-15 22:12:10.434747,-1.828538,0.39708114,0.10689708,0.18417588,-3.5894442,5.4334173
711,2024-05-15 22:12:10.452326,-1.6843,0.30092257,0.097134784,0.019242255,-3.7659843,5.175632
712,2024-05-15 22:12:10.469624,-1.7599578,0.18523945,0.05027579,0.24098633,-3.7904189,4.9612184
713,2024-05-15 22:12:10.485148,-1.8260972,0.15204766,-0.04637088,0.36254853,-3.7201693,5.0009246
714,2024-05-15 22:12:10.501276,-1.7682558,0.079562664,-0.21086545,0.44806966,-3.4526103,5.194569
715,2024-05-15 22:12:10.517817,-1.6957707,0.039537273,-0.22331238,0.52564955,-3.35365,5.2654295
716,2024-05-15 22:12:10.534273,-1.5752064,-0.09640261,-0.30970863,0.840856,-3.00057,5.4383044
717,2024-05-15 22:12:10.551943,-1.4721838,-0.25674823,-0.40049794,1.0198395,-2.6774223,5.6637135
718,2024-05-15 22:12:10.569523,-1.3843232,-0.3380193,-0.43808278,1.0577132,-2.63344,5.719913
719,2024-05-15 22:12:10.584281,-1.1453912,-0.47005424,-0.46541715,1.0509937,-2.516154,5.6459985
720,2024-05-15 22:12:10.603020,-0.93379354,-0.5967505,-0.4334457,0.98624194,-2.2455406,5.451743
721,2024-05-15 22:12:10.619698,-0.8783925,-0.6401926,-0.39146784,0.9502009,-2.117259,5.363168
722,2024-05-15 22:12:10.635240,-0.6675271,-0.7409883,-0.27334413,0.7901542,-2.0048597,5.1096587
723,2024-05-15 22:12:10.651898,-0.3380193,-0.84764135,-0.15058333,0.6227771,-2.1386392,4.730922
724,2024-05-15 22:12:10.667932,-0.09664667,-0.86472535,-0.06882414,0.70524395,-2.0861049,4.405331
725,2024-05-15 22:12:10.684546,-0.09835507,-0.9789441,-0.13179092,1.4285084,-1.8625281,3.9777255
726,2024-05-15 22:12:10.702946,-0.11617125,-1.1876131,-0.3841461,2.2470677,-1.6792686,4.2171845
727,2024-05-15 22:12:10.718515,0.18938842,-1.4651061,-0.89669687,3.0051515,-0.77640975,4.7156506
728,2024-05-15 22:12:10.736849,0.68583137,-1.6789309,-1.2417938,2.5891523,0.16798794,4.5855365
729,2024-05-15 22:12:10.752219,0.85740364,-1.7548326,-1.3311187,2.0937407,0.45265114,4.385783
730,2024-05-15 22:12:10.768485,0.95966357,-1.9464175,-1.2954865,0.95814216,0.21991149,3.9215257
731,2024-05-15 22:12:10.783974,1.0184815,-2.003527,-1.3076892,0.43157628,-0.19914207,3.7016144
732,2024-05-15 22:12:10.799971,1.0843768,-2.1855936,-1.1051217,-0.41141775,-0.57910025,3.2049809
733,2024-05-15 22:12:10.818578,1.2532645,-2.3930423,-0.6748488,-0.6081163,-0.3481932,3.0174453
734,2024-05-15 22:12:10.833996,1.4260571,-2.4623544,-0.41221267,-0.36010507,-0.05009095,2.818303
735,2024-05-15 22:12:10.850644,1.6718532,-2.4879806,-0.09396204,0.5543602,0.77091193,2.134134
736,2024-05-15 22:12:10.867369,1.6950387,-2.4748015,-0.05027579,0.79381937,0.9443977,1.9392681
737,2024-05-15 22:12:10.884338,1.7289624,-2.489689,-0.102748096,1.4199562,1.3133603,1.1274282
738,2024-05-15 22:12:10.901015,1.8038882,-2.3871849,0.024405725,1.3881912,0.9767735,0.065133505
739,2024-05-15 22:12:10.917739,1.7814348,-2.3264146,0.11592719,1.5189165,0.7648033,-0.3899611
740,2024-05-15 22:12:10.936683,1.6833237,-2.2234225,0.23405088,1.9556851,0.5149594,-1.2072988
741,2024-05-15 22:12:10.952110,1.6833237,-2.2234225,0.23405088,1.9556851,0.5149594,-1.2072988
742,2024-05-15 22:12:10.968801,1.6833237,-2.2234225,0.23405088,1.9556851,0.5149594,-1.2072988
743,2024-05-15 22:12:10.985471,1.6833237,-2.2234225,0.23405088,1.9556851,0.5149594,-1.2072988
744,2024-05-15 22:12:11.001016,1.6833237,-2.2234225,0.23405088,1.9556851,0.5149594,-1.2072988
745,2024-05-15 22:12:11.018790,1.6833237,-2.2234225,0.23405088,1.9556851,0.5149594,-1.2072988
746,2024-05-15 22:12:11.035477,1.6833237,-2.2234225,0.23405088,1.9556851,0.5149594,-1.2072988
747,2024-05-15 22:12:11.051096,1.6833237,-2.2234225,0.23405088,1.9556851,0.5149594,-1.2072988
748,2024-05-15 22:12:11.068764,1.6833237,-2.2234225,0.23405088,1.9556851,0.5149594,-1.2072988
749,2024-05-15 22:12:11.086375,-0.47932845,-0.6238408,-0.41929033,2.8231137,0.32803464,-4.4143414
750,2024-05-15 22:12:11.102092,-0.37365165,-0.53427184,-0.59821486,2.2800546,0.18387043,-4.5047493
751,2024-05-15 22:12:11.117308,-0.43198135,-0.44442827,-0.5384208,1.5781704,0.01282817,-4.7997975
752,2024-05-15 22:12:11.134363,-0.45736328,-0.42465958,-0.47444725,1.3674219,-0.077579886,-4.905477
753,2024-05-15 22:12:11.151961,-0.48274526,-0.3951287,-0.3128814,1.1236867,-0.24251351,-5.1748686
754,2024-05-15 22:12:11.169365,-0.6057806,-0.34460884,-0.23209843,1.2904528,-0.21380283,-5.364237
755,2024-05-15 22:12:11.185370,-0.6228646,-0.30800024,-0.24283697,1.4223998,-0.12034045,-5.413717
756,2024-05-15 22:12:11.200582,-0.69095653,-0.20085911,-0.4058672,1.520749,-0.11362094,-5.661117
757,2024-05-15 22:12:11.217423,-0.8210391,-0.26968327,-0.5908931,1.2513574,-0.4447099,-6.083836
758,2024-05-15 22:12:11.235335,-0.88302964,-0.3031191,-0.6262814,1.0528263,-0.5558874,-6.364834
759,2024-05-15 22:12:11.253067,-1.0890139,-0.29482117,-0.54891527,0.58368176,-0.42760566,-6.782055
760,2024-05-15 22:12:11.268444,-1.2059174,-0.077122085,-0.45297024,0.4633413,-0.30787608,-6.9023952
761,2024-05-15 22:12:11.284354,-1.3655308,-0.11226633,-0.42124277,0.5335908,-0.3005457,-7.035564
762,2024-05-15 22:12:11.302019,-1.6403698,-0.1696198,-0.530855,0.569021,-0.3463606,-7.415522
763,2024-05-15 22:12:11.317206,-2.106519,-0.260165,-0.7148742,0.4792238,-0.39095375,-7.559076
764,2024-05-15 22:12:11.335357,-2.2841928,-0.20866893,-0.692909,-0.47616947,-0.62980205,-7.7368374
765,2024-05-15 22:12:11.350667,-2.3356888,-0.06467517,-0.590649,-0.8793405,-0.7415904,-7.706905
766,2024-05-15 22:12:11.368457,-2.7018054,0.23868799,-0.08859278,-0.8127562,-0.36774087,-7.1571264
767,2024-05-15 22:12:11.385305,-2.833596,0.23356278,-0.11299851,-0.51893,0.15943582,-6.8089333
768,2024-05-15 22:12:11.401961,-3.0969338,0.27822527,-0.42075467,-0.7870999,0.46731192,-6.447301
769,2024-05-15 22:12:11.418330,-3.081314,0.5950421,-0.36584184,-2.0595322,-0.13683382,-5.916459
770,2024-05-15 22:12:11.434293,-2.9805188,0.91817385,0.2186753,-2.2122486,-0.0036651916,-5.4167714
771,2024-05-15 22:12:11.451870,-2.8811872,1.3093976,1.1868808,-0.6630942,1.5082263,-4.072868
772,2024-05-15 22:12:11.469183,-2.6639764,1.6279229,0.91011995,0.98929626,2.1704042,-2.9543734
773,2024-05-15 22:12:11.485282,-2.464063,1.7787503,0.6055366,0.9966267,1.5632042,-2.6318367
774,2024-05-15 22:12:11.500662,-2.1126206,2.0235398,0.5437901,0.40775254,0.11056661,-2.475455
775,2024-05-15 22:12:11.518168,-2.343987,2.3120153,0.6484906,0.44990227,-0.21563543,-2.0643427
776,2024-05-15 22:12:11.535269,-2.4484434,2.4164717,0.5638028,0.50793445,-0.13744467,-1.7839556
777,2024-05-15 22:12:11.550917,-2.649577,2.4921296,0.23136626,-0.076052725,-0.30543262,-0.9592875
778,2024-05-15 22:12:11.568595,-2.6573868,2.4774861,0.26699865,-0.46883908,-0.4831944,-0.5396231
779,2024-05-15 22:12:11.585212,-2.6573868,2.4774861,0.26699865,-0.46883908,-0.4831944,-0.5396231
780,2024-05-15 22:12:11.601907,-2.6573868,2.4774861,0.26699865,-0.46883908,-0.4831944,-0.5396231
781,2024-05-15 22:12:11.618556,-2.6573868,2.4774861,0.26699865,-0.46883908,-0.4831944,-0.5396231
782,2024-05-15 22:12:11.634277,-2.6573868,2.4774861,0.26699865,-0.46883908,-0.4831944,-0.5396231
783,2024-05-15 22:12:11.653059,-2.6573868,2.4774861,0.26699865,-0.46883908,-0.4831944,-0.5396231
784,2024-05-15 22:12:11.668603,-2.6573868,2.4774861,0.26699865,-0.46883908,-0.4831944,-0.5396231
785,2024-05-15 22:12:11.685237,-2.6573868,2.4774861,0.26699865,-0.46883908,-0.4831944,-0.5396231
786,2024-05-15 22:12:11.700416,-2.1638725,1.3709,-0.3277689,-1.7266107,-2.1190915,5.469458
787,2024-05-15 22:12:11.719111,-2.0235398,1.153201,0.051252022,-2.5488353,-2.6261096,5.353394
788,2024-05-15 22:12:11.734224,-2.1143289,1.0719299,0.2255089,-2.5360072,-2.7269025,5.290475
789,2024-05-15 22:12:11.750879,-2.3862088,0.87326735,0.456143,-2.1438315,-3.0066788,5.5855227
790,2024-05-15 22:12:11.769044,-2.344963,0.61871564,0.5025444,-1.5262468,-3.350596,5.996024
791,2024-05-15 22:12:11.786266,-2.2463639,0.5042528,0.4502856,-1.2538009,-3.4910948,6.0723825
792,2024-05-15 22:12:11.802224,-2.0281765,0.3372871,0.33362624,-0.90377516,-3.7201693,6.011296
793,2024-05-15 22:12:11.818542,-1.828782,0.19719826,0.31239328,-0.8145888,-3.7647624,5.8995075
794,2024-05-15 22:12:11.834154,-1.7916852,0.15082738,0.28164205,-0.5696318,-3.9290853,5.666157
795,2024-05-15 22:12:11.852825,-1.6965029,0.1483868,0.14228538,-0.40469822,-4.1361685,5.553147
796,2024-05-15 22:12:11.868370,-1.5881416,0.051252022,0.06613952,-0.06383542,-4.048815,5.6350026
797,2024-05-15 22:12:11.886051,-1.3118382,-0.06613952,-0.047347106,0.12614368,-3.785532,5.666157
798,2024-05-15 22:12:11.901828,-1.1805354,-0.1415532,-0.114462845,0.39614612,-3.349374,5.5922422
799,2024-05-15 22:12:11.918321,-0.84031963,-0.19329333,-0.17084008,0.5830709,-3.1991012,5.1658583
800,2024-05-15 22:12:11.936159,-0.5943099,-0.23405088,-0.29823795,0.82558435,-3.004846,4.29171
801,2024-05-15 22:12:11.952680,-0.6404367,-0.23771177,-0.3648656,0.87872964,-2.8484647,4.0418663
802,2024-05-15 22:12:11.968175,-0.8659456,-0.27529657,-0.5664874,0.7333437,-2.488665,3.988721
803,2024-05-15 22:12:11.985048,-0.73269033,-0.3682824,-0.4588276,0.591623,-2.3066273,4.229402
804,2024-05-15 22:12:12.000745,-0.6162751,-0.4217309,-0.353883,0.6771441,-2.3420575,4.3008733
805,2024-05-15 22:12:12.019169,-0.31483385,-0.53671235,-0.16107778,1.1261301,-2.348166,4.1848087
806,2024-05-15 22:12:12.034618,-0.11348662,-0.5835714,-0.09005712,1.425454,-2.1728477,4.014377
807,2024-05-15 22:12:12.050742,-0.1786499,-0.61920375,-0.058085624,2.037541,-1.3322971,3.5769978
808,2024-05-15 22:12:12.067005,-0.28994003,-0.7363512,-0.0051252022,2.413834,-1.1410962,3.5812738
809,2024-05-15 22:12:12.084690,-0.38658667,-0.9467286,-0.0302631,3.1181617,-1.0305296,3.8323395
810,2024-05-15 22:12:12.100342,-0.00976229,-1.6218214,-0.77271575,4.7870455,-0.20891592,4.908073
811,2024-05-15 22:12:12.117039,-0.00976229,-1.6218214,-0.77271575,4.6868634,0.0067195175,5.00459
812,2024-05-15 22:12:12.134609,0.99041486,-1.9876633,-1.1722375,3.043636,0.1881465,4.6673923
813,2024-05-15 22:12:12.151684,1.1222057,-2.050874,-1.1571059,1.6178766,0.3555236,4.165872
814,2024-05-15 22:12:12.167240,1.4987861,-2.0660055,-0.8954765,0.35338554,0.68233645,3.3521993
815,2024-05-15 22:12:12.185003,1.5888737,-2.0611243,-0.6645984,0.014966198,0.6585127,2.8274662
816,2024-05-15 22:12:12.201725,1.7428739,-2.1067631,-0.30751213,-0.1994475,0.40622538,1.8439732
817,2024-05-15 22:12:12.217315,1.7428739,-2.1067631,-0.30751213,-0.1994475,0.40622538,1.8439732
818,2024-05-15 22:12:12.234980,1.7428739,-2.1067631,-0.30751213,-0.1994475,0.40622538,1.8439732
819,2024-05-15 22:12:12.251662,1.7428739,-2.1067631,-0.30751213,-0.1994475,0.40622538,1.8439732
820,2024-05-15 22:12:12.268315,1.7428739,-2.1067631,-0.30751213,-0.1994475,0.40622538,1.8439732
821,2024-05-15 22:12:12.285024,1.7428739,-2.1067631,-0.30751213,-0.1994475,0.40622538,1.8439732
822,2024-05-15 22:12:12.301698,1.7428739,-2.1067631,-0.30751213,-0.1994475,0.40622538,1.8439732
823,2024-05-15 22:12:12.317330,1.7428739,-2.1067631,-0.30751213,-0.1994475,0.40622538,1.8439732
824,2024-05-15 22:12:12.335001,1.7428739,-2.1067631,-0.30751213,-0.1994475,0.40622538,1.8439732
825,2024-05-15 22:12:12.350638,1.7428739,-2.1067631,-0.30751213,-0.1994475,0.40622538,1.8439732
826,2024-05-15 22:12:12.367863,0.36901456,-1.280843,-0.08688438,1.820073,0.77091193,-4.3514223
827,2024-05-15 22:12:12.385956,0.07785426,-0.999689,-0.08615221,1.892766,0.5907067,-4.2500186
828,2024-05-15 22:12:12.400670,-0.03465613,-0.93476975,-0.12935033,1.988061,0.68844515,-4.18038
829,2024-05-15 22:12:12.418712,-0.11617125,-0.8395874,-0.20525214,2.186592,0.8185594,-4.125402
830,2024-05-15 22:12:12.435319,-0.1483868,-0.81518173,-0.24869433,2.2134702,0.806953,-4.143117
831,2024-05-15 22:12:12.452588,-0.2894519,-0.7246365,-0.34119204,2.115121,0.5748242,-4.262847
832,2024-05-15 22:12:12.467873,-0.36901456,-0.6748488,-0.3785328,2.0173824,0.40744713,-4.279951
833,2024-05-15 22:12:12.484434,-0.43100512,-0.607489,-0.36169282,1.8555032,0.25595254,-4.2268057
834,2024-05-15 22:12:12.501770,-0.40489095,-0.5884525,-0.35925224,1.7235563,0.35124752,-4.3502007
835,2024-05-15 22:12:12.517689,-0.41343296,-0.57844615,-0.26870704,1.6771306,0.2742785,-4.8608837
836,2024-05-15 22:12:12.534772,-0.5213368,-0.56624335,-0.19280522,1.7571539,0.27366763,-5.0520844
837,2024-05-15 22:12:12.551463,-0.79590124,-0.509378,-0.2562601,2.0069978,0.16615535,-5.1797557
838,2024-05-15 22:12:12.566726,-1.0377619,-0.43051702,-0.49079913,2.0302107,0.028710667,-5.277494
839,2024-05-15 22:12:12.584045,-1.0277556,-0.35705575,-0.60334,1.6869044,-0.61086524,-5.621411
840,2024-05-15 22:12:12.602098,-1.0804719,-0.23771177,-0.71243364,0.9550878,-1.0769554,-6.5212154
841,2024-05-15 22:12:12.617886,-1.421176,-0.14985114,-0.6067568,0.5299256,-0.9095783,-7.2499776
842,2024-05-15 22:12:12.635910,-1.7243255,-0.09493827,-0.3956168,0.5030475,-0.7348709,-7.367264
843,2024-05-15 22:12:12.652497,-1.7597138,-0.09152147,-0.38268176,0.6722572,-0.3371976,-7.434459
844,2024-05-15 22:12:12.668037,-1.9486141,-0.07370529,-0.7370834,0.41691554,-0.26450464,-7.6507053
845,2024-05-15 22:12:12.683901,-2.0423322,-0.042465962,-0.7878473,-0.12308934,-0.39645153,-7.8052545
846,2024-05-15 22:12:12.702724,-2.3159204,0.067847915,-0.45174995,-1.072374,-0.32803464,-8.171163
847,2024-05-15 22:12:12.717771,-2.7569623,0.17084008,-0.12154051,-1.1212431,0.36835176,-8.146117
848,2024-05-15 22:12:12.734652,-2.8946104,0.24820623,-0.10958171,-1.1511755,0.5540548,-7.930482
849,2024-05-15 22:12:12.750498,-3.1203635,0.43149322,0.1444819,-1.0833695,0.8576548,-7.1876698
850,2024-05-15 22:12:12.768754,-3.0566645,0.6653306,0.5533083,-0.31123585,1.3347405,-6.0685644
851,2024-05-15 22:12:12.784801,-2.9458625,0.81542575,0.5372005,0.060170226,1.3854424,-5.725869
852,2024-05-15 22:12:12.801513,-2.8514123,1.2320315,0.36681804,0.29657507,0.90224797,-5.2017465
853,2024-05-15 22:12:12.816879,-2.8870447,1.464374,0.25333142,-0.2593123,0.040927973,-4.5768313
854,2024-05-15 22:12:12.834876,-2.9290226,1.5656883,0.39781332,-0.4016439,0.11728613,-4.234136
855,2024-05-15 22:12:12.851536,-3.0102935,1.7548326,0.5638028,-0.42424592,0.36346483,-3.7112355
856,2024-05-15 22:12:12.867189,-3.0102935,1.7548326,0.5638028,-0.42424592,0.36346483,-3.7112355
857,2024-05-15 22:12:12.884866,-3.0102935,1.7548326,0.5638028,-0.42424592,0.36346483,-3.7112355
858,2024-05-15 22:12:12.901530,-3.0102935,1.7548326,0.5638028,-0.42424592,0.36346483,-3.7112355
859,2024-05-15 22:12:12.918178,-3.0102935,1.7548326,0.5638028,-0.42424592,0.36346483,-3.7112355
860,2024-05-15 22:12:12.934850,-3.0102935,1.7548326,0.5638028,-0.42424592,0.36346483,-3.7112355
861,2024-05-15 22:12:12.951505,-3.0102935,1.7548326,0.5638028,-0.42424592,0.36346483,-3.7112355
862,2024-05-15 22:12:12.968152,-3.0102935,1.7548326,0.5638028,-0.42424592,0.36346483,-3.7112355
863,2024-05-15 22:12:12.985562,-2.769165,1.5041858,0.47713193,1.094976,-1.6853772,3.413286
864,2024-05-15 22:12:13.001427,-2.5827053,1.3028082,0.29604146,1.0613784,-1.9431623,3.9740603
865,2024-05-15 22:12:13.019259,-2.4518602,1.1553975,0.049543623,0.75655663,-2.4086416,4.3124795
866,2024-05-15 22:12:13.034379,-2.468212,1.0875497,0.053204484,0.3484986,-2.6719246,4.5580473
867,2024-05-15 22:12:13.066465,-2.5592759,0.8603323,0.25723633,0.3381139,-2.588847,5.676542
868,2024-05-15 22:12:13.083009,-2.45967,0.78223395,0.2550398,0.40958515,-2.4868324,5.860412
869,2024-05-15 22:12:13.099690,-2.3503323,0.70437974,0.1632743,0.28863382,-2.547308,5.9123354
870,2024-05-15 22:12:13.116006,-2.5287688,0.61895967,0.12495731,-0.21410827,-3.1856623,5.855525
871,2024-05-15 22:12:13.132594,-2.542436,0.6077331,0.13154685,-0.33933565,-3.3878586,5.918444
872,2024-05-15 22:12:13.150737,-2.5824614,0.5103542,0.2238005,-0.41080686,-3.5149186,6.07055
873,2024-05-15 22:12:13.166491,-2.5592759,0.25772443,0.27651685,-0.10842858,-3.0793717,6.5335855
874,2024-05-15 22:12:13.183538,-2.4955769,0.18011424,0.23258655,0.051618114,-3.0494392,6.653315
875,2024-05-15 22:12:13.199765,-2.3339803,0.024405725,0.107385196,0.1695151,-3.182608,6.7247863
876,2024-05-15 22:12:13.216335,-1.9242083,-0.08786061,-0.036608588,0.3539964,-3.3628132,6.7791533
877,2024-05-15 22:12:13.233233,-1.7653271,-0.17913802,-0.07736614,0.37110063,-3.2968397,6.733949
878,2024-05-15 22:12:13.250838,-1.6054696,-0.25137895,-0.10860548,0.48349985,-3.1196887,6.5531335
879,2024-05-15 22:12:13.268087,-1.3975023,-0.43710655,-0.26284966,0.7296785,-2.6639833,6.3710957
880,2024-05-15 22:12:13.283149,-1.2686402,-0.48054874,-0.35046622,0.79259765,-2.488054,6.278855
881,2024-05-15 22:12:13.300892,-1.047036,-0.49006698,-0.48054874,0.66431594,-2.2968533,6.0436716
882,2024-05-15 22:12:13.316486,-0.8693625,-0.58747625,-0.49543622,0.3381139,-2.4361305,5.701587
883,2024-05-15 22:12:13.333106,-0.76075697,-0.633115,-0.41904628,0.35155296,-2.3909266,5.5745273
884,2024-05-15 22:12:13.350288,-0.55940974,-0.71438605,-0.33826336,0.64904433,-2.1459696,5.240995
885,2024-05-15 22:12:13.366589,-0.4429639,-0.8146936,-0.33045352,1.3106114,-1.9034561,4.9062405
886,2024-05-15 22:12:13.384190,-0.20622836,-0.93379354,-0.5359802,1.743104,-1.3164146,4.8420997
887,2024-05-15 22:12:13.400268,-0.20622836,-0.93379354,-0.5359802,1.743104,-1.3164146,4.8420997
888,2024-05-15 22:12:13.417428,-0.20622836,-0.93379354,-0.5359802,1.743104,-1.3164146,4.8420997
889,2024-05-15 22:12:13.433602,0.22526483,-1.0406905,-0.7944369,1.2641857,-0.43310347,4.014377
890,2024-05-15 22:12:13.451577,0.25162303,-1.1885893,-0.7585604,0.9245446,-0.84971356,3.7236054
891,2024-05-15 22:12:13.467397,0.40781966,-1.4001869,-0.7558758,0.9233228,-1.2767084,3.4902549
892,2024-05-15 22:12:13.484458,0.50669336,-1.5578785,-0.846177,1.0546589,-1.2034045,3.4248924
893,2024-05-15 22:12:13.501302,0.50669336,-1.5578785,-0.846177,1.0546589,-1.2034045,3.4248924
894,2024-05-15 22:12:13.518263,0.50669336,-1.5578785,-0.846177,1.0546589,-1.2034045,3.4248924
895,2024-05-15 22:12:13.534071,0.50669336,-1.5578785,-0.846177,1.0546589,-1.2034045,3.4248924
896,2024-05-15 22:12:13.549564,0.50669336,-1.5578785,-0.846177,1.0546589,-1.2034045,3.4248924
897,2024-05-15 22:12:13.566174,0.50669336,-1.5578785,-0.846177,1.0546589,-1.2034045,3.4248924
898,2024-05-15 22:12:13.582901,0.50669336,-1.5578785,-0.846177,1.0546589,-1.2034045,3.4248924
899,2024-05-15 22:12:13.599501,1.8195078,-2.3166523,-0.46639338,-0.17501289,0.6053675,0.96127284
900,2024-05-15 22:12:13.616387,1.8195078,-2.3166523,-0.46639338,-0.17501289,0.6053675,0.96127284
901,2024-05-15 22:12:13.633045,1.8195078,-2.3166523,-0.46639338,-0.17501289,0.6053675,0.96127284
902,2024-05-15 22:12:13.649684,1.696747,-2.1094477,-0.11543907,0.8341365,0.49296826,-1.7381407
903,2024-05-15 22:12:13.666289,1.4568082,-1.9178629,-0.07614586,1.6190983,0.6554584,-2.806544
904,2024-05-15 22:12:13.683554,1.3181837,-1.8158469,-0.12910628,1.969735,0.71593404,-3.2298737
905,2024-05-15 22:12:13.699829,1.0514292,-1.6579418,-0.30409533,2.4034493,0.7635816,-3.8523452
906,2024-05-15 22:12:13.717433,0.6387283,-1.434355,-0.569172,2.3887885,0.6585127,-4.176715
907,2024-05-15 22:12:13.734524,0.45077375,-1.3303866,-0.6719201,2.1902573,0.6133087,-4.2219186
908,2024-05-15 22:12:13.749735,0.17889395,-1.1124434,-0.6680152,1.7455474,0.63529986,-4.147393
909,2024-05-15 22:12:13.766391,0.050763905,-0.961372,-0.4829893,1.7394388,1.033584,-4.1296782
910,2024-05-15 22:12:13.785624,-0.038316987,-0.85764766,-0.473227,1.9746219,1.3585643,-4.261014
911,2024-05-15 22:12:13.801167,-0.099819414,-0.8268964,-0.4971446,2.024102,1.3591752,-4.361807
912,2024-05-15 22:12:13.818647,-0.26943922,-0.7605129,-0.6243289,1.8573358,1.1734722,-4.5468993
913,2024-05-15 22:12:13.833474,-0.34290043,-0.697058,-0.68827194,1.5757269,1.0042624,-4.631809
914,2024-05-15 22:12:13.851125,-0.4139211,-0.6462941,-0.6894922,1.2947289,0.8784242,-4.704502
915,2024-05-15 22:12:13.867430,-0.44686884,-0.57698184,-0.43637437,0.9257663,0.75502944,-5.132108
916,2024-05-15 22:12:13.883437,-0.5013241,-0.56819576,-0.37145513,0.981355,0.64934975,-5.485799
917,2024-05-15 22:12:13.901778,-0.6992545,-0.53231937,-0.3824377,1.0259482,0.45265114,-5.957387
918,2024-05-15 22:12:13.917362,-0.8442246,-0.3900035,-0.37096703,0.8304713,0.3323107,-6.1956244
919,2024-05-15 22:12:13.934429,-1.0748587,-0.3287451,-0.17742962,0.79198676,0.37568212,-6.3043585
920,2024-05-15 22:12:13.950660,-1.1566178,-0.35583547,-0.15107143,1.0626001,0.37812558,-6.419201
921,2024-05-15 22:12:13.967256,-1.238865,-0.36315718,-0.18621568,1.2996159,0.30176744,-6.6501083
922,2024-05-15 22:12:13.984407,-1.2735213,-0.14497001,-0.1330112,1.4767667,0.4288274,-6.9207215
923,2024-05-15 22:12:14.000096,-1.2735213,-0.14497001,-0.1330112,1.5995506,0.57360244,-7.009297
924,2024-05-15 22:12:14.016319,-1.5529974,-0.07150877,-0.26968327,2.1774292,0.7165449,-7.1345243
925,2024-05-15 22:12:14.034392,-1.8060846,-0.2208718,-0.77247167,1.8903224,0.09285152,-7.4998217
926,2024-05-15 22:12:14.050054,-1.9578882,-0.19134088,-0.9323292,1.0528263,-0.4098906,-7.870617
927,2024-05-15 22:12:14.068754,-2.564645,0.14082102,-0.5325634,0.18661933,-0.09590584,-7.9439206
928,2024-05-15 22:12:14.084413,-2.7730699,0.40318257,-0.55037963,0.0852157,0.17287487,-7.587786
929,2024-05-15 22:12:14.101501,-2.9422016,0.45199403,-0.8195747,-0.73639804,0.14110987,-7.100316
930,2024-05-15 22:12:14.116305,-3.0471463,0.49985978,-0.70340353,-1.4969252,0.30543262,-6.896898
931,2024-05-15 22:12:14.134003,-3.1852825,0.5459866,-0.45126185,-2.2146919,0.57971114,-6.6299496
932,2024-05-15 22:12:14.149043,-3.1852825,0.5459866,-0.45126185,-2.2146919,0.57971114,-6.6299496
933,2024-05-15 22:12:14.164288,-3.1852825,0.5459866,-0.45126185,-2.2146919,0.57971114,-6.6299496
934,2024-05-15 22:12:14.179394,-3.1852825,0.5459866,-0.45126185,-2.2146919,0.57971114,-6.6299496
935,2024-05-15 22:12:14.199157,-3.1852825,0.5459866,-0.45126185,-2.2146919,0.57971114,-6.6299496
936,2024-05-15 22:12:14.215986,-3.1852825,0.5459866,-0.45126185,-2.2146919,0.57971114,-6.6299496
937,2024-05-15 22:12:14.232660,-3.2011464,0.6048044,-0.08908089,-2.8053987,0.8179486,-6.2896976
938,2024-05-15 22:12:14.247908,-3.2011464,0.6048044,-0.08908089,-2.8053987,0.8179486,-6.2896976
939,2024-05-15 22:12:14.265708,-2.0303733,1.9957172,0.30848834,0.025961773,-0.50885075,-1.6342936
940,2024-05-15 22:12:14.282962,-2.225375,2.0276887,0.4837215,-0.14508049,-0.643852,-0.98188955
941,2024-05-15 22:12:14.301724,-2.5097322,2.033546,0.61114985,-0.1908954,-0.589485,-0.20242546
942,2024-05-15 22:12:14.316655,-2.6012535,2.0406237,0.6399486,-0.2415972,-0.6719518,0.14760031
943,2024-05-15 22:12:14.332867,-2.7882016,1.990348,0.78906757,-0.35155296,-1.0360274,1.0797807
944,2024-05-15 22:12:14.350747,-2.811875,1.9613051,0.8434923,-0.364992,-1.1753048,1.4017067
945,2024-05-15 22:12:14.366416,-2.9761255,1.7279862,1.0751027,0.16279559,-1.813659,2.6985736
946,2024-05-15 22:12:14.383112,-3.0915647,1.4448494,0.81420547,0.88606006,-2.3145685,3.8995347
947,2024-05-15 22:12:14.399755,-2.978322,1.1095147,0.39024755,1.2892311,-2.7171285,4.9661055
948,2024-05-15 22:12:14.417111,-2.704734,0.92451936,0.025870068,1.2452488,-2.837469,5.416924
949,2024-05-15 22:12:14.433206,-2.6129684,0.8520344,-0.21477039,0.98440933,-2.8454103,5.5189385
950,2024-05-15 22:12:14.451019,-2.460402,0.7876032,-0.63701993,0.06627888,-3.5118642,5.629505
951,2024-05-15 22:12:14.467689,-2.2346492,0.6018757,-0.6267695,-1.0027353,-3.9681807,5.549482
952,2024-05-15 22:12:14.484125,-1.9654541,0.5296347,-0.20598431,-1.4358387,-4.0518694,5.4370823
953,2024-05-15 22:12:14.499445,-1.9527631,0.53793263,0.06687169,-1.5641204,-4.198477,5.215949
954,2024-05-15 22:12:14.516091,-2.0557551,0.52572984,0.18621568,-1.2990049,-4.169766,5.195791
955,2024-05-15 22:12:14.532753,-2.135318,0.4373506,0.2403964,-0.6435465,-3.716504,5.4419694
956,2024-05-15 22:12:14.549865,-1.9371434,0.39024755,0.18792409,-0.124311075,-3.3127222,5.7761126
957,2024-05-15 22:12:14.567486,-1.8646584,0.30751213,0.107385196,0.034513887,-3.2895093,5.8762946
958,2024-05-15 22:12:14.584984,-1.6486678,0.21379416,0.00024405724,0.03940081,-3.2375858,5.952042
959,2024-05-15 22:12:14.600883,-1.4150745,0.09737884,0.14472595,0.12980886,-2.9883528,5.996635
960,2024-05-15 22:12:14.616449,-1.3311187,0.043930303,0.200371,0.25686884,-2.883895,5.9813633
961,2024-05-15 22:12:14.632738,-1.1951789,-0.111290105,0.24698594,0.763887,-2.5668557,5.8707967
962,2024-05-15 22:12:14.650868,-1.0729063,-0.24918245,0.122272685,1.1023064,-2.4996605,5.7009764
963,2024-05-15 22:12:14.666457,-1.084865,-0.29116032,0.025137896,1.0961977,-2.6401596,5.6258397
964,2024-05-15 22:12:14.684784,-1.0485004,-0.4756676,-0.017328065,0.9007208,-3.4660494,5.653329
965,2024-05-15 22:12:14.700822,-0.9777239,-0.5325634,0.06418706,1.0790935,-3.5143077,5.6368356
966,2024-05-15 22:12:14.717427,-0.92281103,-0.55892164,0.107873306,1.3497068,-3.3341024,5.621564
967,2024-05-15 22:12:14.733127,-0.83128947,-0.63726395,0.09005712,2.1010711,-2.6035078,5.5653644
968,2024-05-15 22:12:14.750818,-0.70242727,-0.74660164,-0.10982577,2.5579982,-2.094046,5.5549793
969,2024-05-15 22:12:14.766448,-0.53744453,-0.82445586,-0.21745501,2.6441302,-1.9547688,5.506721
970,2024-05-15 22:12:14.784117,-0.53744453,-0.82445586,-0.21745501,2.6441302,-1.9547688,5.506721
971,2024-05-15 22:12:14.799758,-0.53744453,-0.82445586,-0.21745501,2.6441302,-1.9547688,5.506721
972,2024-05-15 22:12:14.816534,-0.53744453,-0.82445586,-0.21745501,2.6441302,-1.9547688,5.506721
973,2024-05-15 22:12:14.834204,-0.53744453,-0.82445586,-0.21745501,2.6441302,-1.9547688,5.506721
974,2024-05-15 22:12:14.849689,-0.53744453,-0.82445586,-0.21745501,2.6441302,-1.9547688,5.506721
975,2024-05-15 22:12:14.867523,-0.53744453,-0.82445586,-0.21745501,2.6441302,-1.9547688,5.506721
976,2024-05-15 22:12:14.883174,-0.53744453,-0.82445586,-0.21745501,2.6441302,-1.9547688,5.506721
977,2024-05-15 22:12:14.901822,-0.53744453,-0.82445586,-0.21745501,2.6441302,-1.9547688,5.506721
978,2024-05-15 22:12:14.918380,-0.53744453,-0.82445586,-0.21745501,2.6441302,-1.9547688,5.506721
979,2024-05-15 22:12:14.932654,1.2071377,-2.0081642,-1.0092071,-0.01863139,-0.06780604,1.8329775
980,2024-05-15 22:12:14.951541,1.0975559,-2.084554,-0.94087124,-0.19822577,-0.028710667,1.2728142
981,2024-05-15 22:12:14.966479,1.1375813,-2.1167696,-0.8552071,-0.21655174,0.099571034,0.96615976
982,2024-05-15 22:12:14.984723,1.1978635,-2.1328773,-0.71072525,-0.055283304,0.37323865,0.39622247
983,2024-05-15 22:12:15.000455,1.1890775,-2.0606363,-0.5901609,0.30757064,0.71959925,-0.45959973
984,2024-05-15 22:12:15.016087,1.1366051,-2.0484335,-0.5801546,0.3662137,0.7287622,-0.6868416
985,2024-05-15 22:12:15.035031,1.1124434,-2.0296412,-0.46639338,0.38881573,0.6267477,-1.1291081
986,2024-05-15 22:12:15.050758,1.1915181,-1.9515429,-0.25015867,0.6533204,0.74097955,-1.7265342
987,2024-05-15 22:12:15.066398,1.1768746,-1.876373,-0.12520137,1.1004738,0.9108001,-2.213394
988,2024-05-15 22:12:15.084102,1.084865,-1.7631307,-0.08517598,1.9813415,1.0922271,-2.9024498
989,2024-05-15 22:12:15.101774,0.7998061,-1.5866772,-0.32215557,2.9220738,1.0800097,-3.6562576
990,2024-05-15 22:12:15.117212,0.6167632,-1.4192234,-0.5281704,3.112053,0.8564331,-4.075311
991,2024-05-15 22:12:15.133038,0.47810817,-1.3130585,-0.6392164,3.0277536,0.679893,-4.2848377
992,2024-05-15 22:12:15.150728,0.18304294,-1.0875497,-0.7575842,2.5024095,0.3652974,-4.556673
993,2024-05-15 22:12:15.167989,-0.1300825,-0.884494,-0.67045575,1.9764545,0.35246924,-4.5591164
994,2024-05-15 22:12:15.183584,-0.2277054,-0.7849186,-0.57698184,1.8402315,0.45998153,-4.505971
995,2024-05-15 22:12:15.199204,-0.32581642,-0.66313404,-0.4097721,1.8823812,0.75686204,-4.516967
996,2024-05-15 22:12:15.216850,-0.48152497,-0.5808867,-0.41026023,2.0534234,0.8436049,-4.529184
997,2024-05-15 22:12:15.233703,-0.53671235,-0.52597386,-0.46102414,2.064419,0.80756384,-4.4906993
998,2024-05-15 22:12:15.249107,-0.51791996,-0.41758195,-0.5040087,1.8597792,0.65179324,-4.516967
999,2024-05-15 22:12:15.266703,-0.49519217,-0.36974674,-0.51621157,1.7400496,0.5833763,-4.565225
